user_id,username,user_url
100002603657015,Hoàng Khánh Vy,
100058074534502,Nguyễn Huỳnh Anh Khoa,
100002603657015,Hoàng Khánh Vy,
100009303706644,Cao Thị Phương Anh,
100025490230778,Hoài Thương,
100006455512332,Mika Ngô,
100004075483996,Duy Nguyên,
100055480813254,Quỳnh Diễm,
100022849230388,Nhi Pham,
100005129167661,Bùi Thị Thúy Hà,
100003094669312,Vy Nhật Bảo,
100008293101580,Minh Hiền Nguyễn,
100004038188869,Y Vy Tran Bao,
100004953961550,Hoàng Bùi,
100000912463152,Ánh Quỳnh,
100000057317444,Tu Le,
100052380377763,Nguyễn Lệ,
100072345654035,Lý Linh,
100055285393099,Phúc Hy,
100008207882223,An Khương,
100003728108546,Duy Hưng,
100055285393099,Phúc Hy,
100003801531424,Lành Bely,
100023331170581,Thanh Huyền,
100025352089227,Nguyễn Thị Ly,
100005869393513,Bích Huệ,
100006775142089,Ngọc Hương,
100002256351298,Thu Hương,
100015587076262,Phụng Phụng,
100022849230388,Nhi Pham,https://facebook.com/nhipham26074502?groupid=507161103366326&locale2=en_US&refid=18&_ft_=qid.-6806406951496411459%3Amf_story_key.1139044600177970%3Atop_level_post_id.1139044600177970%3Atl_objid.1139044600177970%3Acontent_owner_id_new.100022849230388%3Aoriginal_content_id.1006417106897836%3Aoriginal_content_owner_id.100009381064408%3Apage_id.507161103366326%3Asrc.22%3Astory_location.6%3Aattached_story_attachment_style.album%3Afilter.GroupStoriesByActivityEntQuery%3Aott.AX8Nxw9qYVGjsj7s%3Ashare_tracking_id.536610554266672%3Atds_flgs.3%3Apage_insights.%7B%22507161103366326%22%3A%7B%22page_id%22%3A507161103366326%2C%22page_id_type%22%3A%22group%22%2C%22actor_id%22%3A100022849230388%2C%22dm%22%3A%7B%22isShare%22%3A1%2C%22originalPostOwnerID%22%3A1006417106897836%7D%2C%22psn%22%3A%22EntGroupMallPostCreationStory%22%2C%22post_context%22%3A%7B%22object_fbtype%22%3A657%2C%22publish_time%22%3A1645776224%2C%22story_name%22%3A%22EntGroupMallPostCreationStory%22%2C%22story_fbid%22%3A%5B1139044600177970%5D%7D%2C%22role%22%3A1%2C%22sl%22%3A6%7D%2C%22631272407745643%22%3A%7B%22page_id%22%3A631272407745643%2C%22page_id_type%22%3A%22group%22%2C%22actor_id%22%3A100022849230388%2C%22attached_story%22%3A%7B%22page_id%22%3A631272407745643%2C%22page_id_type%22%3A%22group%22%2C%22actor_id%22%3A100009381064408%2C%22dm%22%3A%7B%22isShare%22%3A0%2C%22originalPostOwnerID%22%3A0%7D%2C%22psn%22%3A%22EntGroupMallPostCreationStory%22%2C%22post_context%22%3A%7B%22object_fbtype%22%3A657%2C%22publish_time%22%3A1645690754%2C%22story_name%22%3A%22EntGroupMallPostCreationStory%22%2C%22story_fbid%22%3A%5B1006417106897836%5D%7D%2C%22role%22%3A1%2C%22sl%22%3A6%7D%2C%22dm%22%3A%7B%22isShare%22%3A0%2C%22originalPostOwnerID%22%3A0%7D%2C%22psn%22%3A%22EntGroupMallPostCreationStory%22%2C%22role%22%3A1%2C%22sl%22%3A6%7D%7D&__tn__=C-R
100013889885230,Hồ Ngọc Như Ý,
100040831900994,Minh Giang,
100030161033415,Trần Tjen,
100071893561306,Lâm Thị Giao Linh,
100077507224831,Mạc Tấn Nam,
100008227272941,Văn Thị Thúy Hồng,
100003752053301,KT Le,
100005812327834,Minh Khánh Nguyễn,
100013080076139,Nhi Vũ,
100009768735718,Ngọc Tuyến,
100009841307449,Khắc GHi,
100023584523177,Đ.Tiểu Ngọc,
100036074010084,Trần Thị Kim Thoa,
100006092867782,Khúc Nhàn,
100003893586266,Nhi Nhii,
100004708201472,Phương Thanh,
100013324740451,Anh Tran,
100003127395355,Joey Hong,
100009381064408,Quỳnh Hoàng Diễm Quỳnh,
100005918379753,Bảo Nguyên,
100005350773137,Hàn Băng Nhi,
100004067598468,Nguyễn Linh,
100009260119604,Hiền Trần,
100038116092548,Ngọc Vân,
100055882402183,Tố Uyên,
100077878743229,Chung Thu Phong,
100075835702398,Phạm Huyền Trâm,
100026971157955,Nguyễn Dương Quỳnh Ngọc,
100003303100957,Ân Thành,
100025335353634,Ngọc Thư,
100072690655244,Kim Ánh Hoàng,
100072862455865,Chu Trúc Quỳnh,
100001830457993,Mai Thanh Tùng,
100009442431595,Khánh Thái,
100073492900208,Sam Heo,
100022255235525,Bảo Ngọc,
100012166095988,Quyên Phan,
100006325068424,Latsamy Nelson,
100012113445478,Mai Hoàng Nguyễn,
100054113901561,Tú Uyên,
100075979419010,Vy Thanh,
100016035846335,Trương Đại Dzũng,
100008154527627,Lê Gia Hân,
100045376518650,Van Anh,
100048694463170,Nguyễn Thị Ngọc Diễm,
100038041325787,Phạm Thị Mỹ Tiên,
100008476699346,Bùi Gia Hân,
100030064415072,Ngọc Diệp,
100006027409255,Thanh Phong,
100077724653842,Thanh Duy Ngô,
100053802712081,Huỳnh Thị Thuý An,
100072565283972,Giang Quỳnh,
100015716707585,Hoàng My,
100033283035695,Yen Nhi,
100074123451565,Liên Diễm,
100006100964202,Kim Ngân,
100008536333520,Giáng My,
100016963091325,Lê Nguyên Phương,
100070429634186,Vĩ Hạnh,
100073919941476,Trangg Lee,
100072833237093,Kim Hoa Vương,
100058955061111,Bùi Trọng Thăng,
100008937859252,Thúy Vy,
100070457162571,Thanh Hằng,
100070457162571,Thanh Hằng,
100077086536501,Lan Chiêm,
100073839679616,Ngọc Lan,
100061610745156,Minh Hằng,
100072817450560,Hương Linh,
100055655791488,Ngân Ngọc,
100010737660012,Minh Hiếu,
100007156119506,Thảo Lee,
100001903644075,Nguyễn Phương,
100002760062146,Violet Trịnh,
100055948321531,Thu Hien Trieu,
100004077892115,Phước Thiện,
100003767990392,Ngọc Hoa,
100004332734129,Lê Phúc,
100056058572035,Bích Chi,
100072925603330,Trịnh Hồng Ngân,
100000163120377,Rita Tran,
100017133256092,Vũ Ánh Hân,
100010063484155,Trinh Hoàng,
100013177113726,Vũ Thanh Huyền,
100001039405198,Quang Minh Châu Nguyễn,
100001368048790,Thu Ha Nguyen,
100018739084418,Kim Ngân,
1319719868,Mẹ TaTa,
100000204156769,Nguyễn Kim Dung Kidu,
100012354609943,Hoàng Phúc,
100017695176218,Thanh Thảo,
100008289262195,Thủy Tiên,
100028977103613,Trung Bửu,
100012071891976,Trần Linh Trang,
100006999439107,My Huỳnh,
100006618604272,Nguyễn Thùy Trang,
100005726169234,Vân Lê,
100017327768186,Nghiêm Thuý Vy,
100032073481213,Nguyễn Năng Quỳnh,
100010060113071,Thùy Trương,
100007834747209,Vũ Ngọc Hải Yến,
100000221182587,Đỗ Ngọc Phượng,
100037745955805,Phạm Sơn,
100054674989627,Quang Hà,
100010852776275,Quỳnh Quỳnh,
100028590047214,Vũ Bảo Long,
100020808844252,Sha,
100033286652530,Tô Trang,
100002877048389,Khan Su,
100029252777599,Lưu Thuỳ Dương,
100006018278216,Nguyễn Luân,
100005749667756,Gia Hân,
100014336087050,Hồng Yến,
100034986721078,Huệ Mẩn,
100015788171328,Dương Ánh,
100014970197621,Lâm Trà My,
100003230062682,Diana Wu,
100004337524788,Linh Thu,
100002859224319,Sue Nguyen,
100041719291059,Tuan Vy,
100043880073430,Mi Ca,
100047795688194,Uyên Kim,
100015233951317,Hồng Hạnh,
100025000723514,Nguyễn Viết Minh Anh,
100011359835335,Thục Phấnh,
100010680395894,Nguyễn Ngô Huyền Trâm,
100009828078073,Võ Tuấn Kha,
100049631684280,Nguyễn Ngọc,
100005483109207,Lý Gia Hoàng,
100009868746663,Anh Huỳnh Minh,
100008009380171,Kim Chi,
100008263000759,Hoang Son,
100035319333677,Mỹ Khanh,
100009556285284,Dinh Chung Pham,
100006519470591,Nguyễn Hoàng Kim Ngân,
100012633551966,Bảo Trân,
100009160522710,Bảo Bảo,
100012772410897,Nguyen Chau Anh,
100024374408545,Công Thành,
100037857307052,Pé Phát,
100012888913624,Hoàng Vũ,
100016370222079,Ngọc Trâm,
100033749436641,Minh Quan Dinh,
100007170515204,Phú Ngô,
100015177372524,Phuong Vy,
100010511884209,Thái Ngân,
100006388177234,Viet Anh,
100019513326371,Hồng Ngọc Phạm,
100004041873476,Lê Sa,
100010087455645,Hồng NGuyễnn,
100005044990126,Đăng Thanh,
100005421721618,Ngọc My,
100053654413525,Han Mai,
100015482040684,Văn Trọng Quý,
100007926556150,Hoàng Diễm,
100013509403300,Bông Lan Trứng Muối,
100053528164750,Ngọc Hân,
100005885583692,Mòi Mòi,
100012696517353,Dũng Trần,
100054784695493,Lam Lam Hương,
100039853381550,Nguyễn Tấn Sâm,
100003879967235,Ja Ja,
100015944164152,Trang Quốc Đạt,
100006485404154,Ngoc Tram,
100023458571851,Tiên Thuý,
100009159607798,Hương Giang,
100009161187605,Yến Nhi,
100015698239416,Hương Lê,
100002864418349,Ngọc Diệp,
100009262954546,Quỳnh Mai,
100015018347629,Hàn Châu,
100030473838624,Việt Thi,
100028736317400,Bảo Trân,
100003899398231,Phạm Phương,
100019569673882,Nguyên Nguyên,
100003265524612,Tracy Shinn,
100001648726847,Thảo My,
100026764987757,Trần Minh Quang,
100005940698510,Lạc Thiếu Phong,
100016737188253,Hoang Anh Thu,
100048242163724,Tuan Anh Nguyen,
100027381948133,Quốc Toản,
100021924796867,Hieu Truong,
100023058497186,Tricsie Nguyen,
100006899585788,Châu Diệp,
100006951420515,Chí Bảo,
100007959757725,Phuong Anh Tran,
100048980040704,Duck Duck,
100005329142930,Trung Tấn Duy,
100003825241876,Nhựt Vy Lê,
100009799143573,Hoàng Quốc Huy,
100008821810921,Trần Nguyễn Huy Hoàng,
100004664528098,Nguyễn Ý Nhi,
100007820047793,Doan Nhat Vy,
100009596801347,Phú Toàn,
100000195564130,Hoa Nguyen,
100039142573512,Trần Hoàng Phúc,
100055449152934,Khánh Huyền,
100022440481704,Bùi Tph Ly,
100013838559186,Quỳnh Vy,
100007118627835,Nhật Uyên Lê,
100012093370484,Tú Nguyên,
100009104981619,Thanh Toàn,
100006486615121,Giao Nguyễn,
100016406804373,Mỹ Hồng,
100010858758035,Trần Quốc Bang,
100004316130874,Huy Gia Nguyen,
100024399254436,Minh Tâm,
100022004119643,Ngọc Chung,
100001821534877,An Lê,
100004472345931,Hanh Thi Dao,
100000196656067,Phan Tuấn Phong,
1417943279,Hà Thu Thảo,
100015515645300,Hà Thanh Lê,
100007269167345,Bích Quyên,
100008653327360,Tân Nguyễn,
100008526124819,Võ Trần Ngọc Sương,
100002554938990,Nhã Dung,
100009527030366,Lê Giang,
100021411833613,Vịt Vịt Con,
100005124227729,Huỳnh Ngọc Thiên Kim,
100044860517949,Trần Hoài Thương,
100010308253258,Huy Thông,
100002875202119,Jacob Mastosky Minh Nguyen,
100001439071523,Nguyễn Vũ,
100005823871076,Kiim Anhh,
100021336952051,Đào Nhật Vi,
100040733898470,Alice Vo,
100026345014873,Quang Nhật,
100007742565661,Gia Hân,
100008621742905,Bao Ngoc Nguyen,
100016293044100,Trần Duy Toàn,
100010860189809,Nguyễn Ngọc Anh Thư,
100013415611319,Xểm Lê,
100014138743881,Thanh Phương,
100036727607823,Hoang Hac,
100025960481529,Hồ Võ Tú Như,
100011364698081,Ngoc Phung,
100007059125998,Thanh Dy,
100008387468143,Trần Thanh Sang,
100017333087721,Quỳnh Như,
100013428846714,Lê Thảo Nhi,
100015327282699,Đại Hào,
100011101361212,Lê Uyên,
100004684567013,Nguyễn Ngọc Thùy Trân,
100006794674479,Mi Mi,
100006517326446,Trâm Nguyễn,
100000726187697,Trieu Vo,
100048071208238,Khánh An,
100011969560413,Dat Tran,
100051983289546,Nguyen Nhu Quynh Anh,
100041970481460,Mie Mie,
100045268133810,Huyền Trân,
100004737106900,Bạch Ngọc Huyền,
100012512947525,Thùy Ngân,
100010864058493,Thanh Thy,
100004083213914,Kae Pham,
100003284206529,Huỳnh Đức Anh,
100047964043910,Ngọc Thảo,
100007869306922,Thùy Napie,
100010162637978,Ánh Tuyết,
100005570170425,Huỳnh Thuý,
100030680111789,Kris Vo,
100005258622406,Thiên Tâm,
100029384251649,Ngọc Bích,
100008166817644,Thanh Mỹ,
100011758095755,Ngọc Tâm,
100033913989781,Minh Trí Zed,
100023417688862,Dee,
100007050287203,Nguyễn Ngọc Như,
100043681564515,Gia Kỳ,
100013461510216,Nguyễn Phạm Tường Vi,
100008278987594,Lam Phương,
100008215364333,Pé Linh,
100002608960616,Hoàng Huỳnh Cao Minh,
100035716758882,Nguyễn Thảo Bình,
100011848844485,Phùng Viết Duy,
100008625917672,Hoàng Luân,
100000234963347,Phương Hà,
100009526241358,Khánh Vy,
100015720916583,Tú Phương,
100007035610703,Hồng Vy,
100015639756975,Huỳnh Ngọc Hân,
100008691844193,Phan Thị Hà Vy,
1732763480,Hồng Ngọc,
100038243857815,Trần Nguyễn Yến Như,
100040021655724,Huỳnh Quế Trân,
100010893427333,Hoàng Oanh,
100014334911708,Hoài Thương,
100028924176323,Nguyễn Hữu Trọng,
100035689954533,Bảo Chấn,
100047488221449,Vũ Kim Duyên,
100015534164007,Lê Thị Bích Trâm,
100002395888134,Hoàng Uyên Vy Nguyễn,
100004582565454,Yến Thanh,
100031725512008,Tô Hoàng Yến,
100024091159974,N. Thảo,
100007049164909,Tâm Rapi,
100015714427944,Trúc Linh Phạm Hoài,
100006174913168,Tín Lê,
100002712655935,Đình Hậu,
100016022765424,Bảo Trân,
100007819694040,Kim Anh,
100004854151571,Dinh Dinh,
100006411311733,Quình Quình,
100003269415681,Trang Tran,
1230857409,Bach Ngoc Que Tran,
100016274883770,Đặng Ngọc Minh Thư,
100014842030189,Hằng Phạm,
100014984737995,Phan Sử Hồng Ân,
100010265225693,Tố Uyên,
100012345559236,Thư Nguyễn,
100015663828268,Le Vo Huynh Giang,
100005472909042,Kim Yến,
100015724784696,Tiết Hiền,
100036602004376,Quynh Huong,
100010443255763,Trần Trương Cẩm Tú,
100003023687046,Mai Nguyen,
100027949471291,Thanh Thảo,
100008482053051,Hai Yen Tran Lam,
100021500700957,Hồng Phúc,
100013627277740,Minah,
100030911820347,Cẩm Tú,
100028766324158,Thái Trần Anh Huy,
100015166832442,Lê Ngọc Thành Tài,
100014797327483,Minh Thùy,
100033371233443,Gia Hân,
100037542662845,Thúy Thanh,
100010258481095,Mei Mei,
100006646387225,Chau Nguyen Thao Vy,
100050286791761,Nguyễn Quốc Huyy,
100005133646947,Nguyễn Thế Hùng,
100001694018795,Hiep Uyen Ong,
100004005947076,Hoàng Sang,
100006748026526,Vân Nguyễn,
100002033955510,Bảo Uyên,
100006949428105,Nguyễn Hoàn,
100002974278836,Kiều Hà,
100051058960329,Ken Lì,
100051334620153,Mai Trần Phương,
100008315856886,Huỳnh Châu,
100010692071104,Dao Quynh Vy,
100029453434451,Le Hoang Phuc,
100015427265608,Ngọc Thanh,
100009725478860,Nhii Huniee,
100008598462228,Dung Tran,
100016301115523,Quân Minh Nguyễn,
100046264004422,Thang Nguyen,
100050666179447,Vy Nguyen,
100004141218805,Yến Ni,
100048023509814,Ngcc Kemm,
100005064071356,Hồng Nhung,
100005436246347,Thuý Hằng,
100003812417539,Hoàng Hải,
100014431274867,Thu Hà,
100029464536941,Nguyễn Như,
100009744842417,Nhi Thụy,
100004043413278,Quang Tuấn,
100024286417555,Duy Anh Nguyen,
100016489110455,Võ Khánh Nguyễn,
100004980574519,Truong An,
100016634880317,Huỳnh Duyên,
100014313434937,Seven Mew,
100012184354127,Nguyễn Phạm Tường Vy,
100008957617867,Đỗ Thị Lệ Thu,
100020679368496,Trần NhưÝ,
100007763055032,Dương Đoàn Mỹ Hiếu,
100012323255907,Nguyễn Đức,
100004560373805,Gia Linh,
100000514214558,Christine Pham,
100004003223938,Quốc Hùng,
100049053215936,Nguyễn Quang Minh,
100004937190531,Trang Myp,
100011501420857,Nguyễn An,
747301994,Nguyen Ba Tuan Anh,
100031963342841,Hải Yến,
100047243915611,Châu Thị Ngọc Giàu,
100038014531440,Trương Thị Hồng Diễm,
100008427242319,Trần Phương Nghi,
100008698808105,Nguyễn Văn Minh,
100003703834637,Đặng Linh Tâm,
100010966247493,Thảo Ngân,
100004367745041,Tú Uyên Trần,
100030685144727,Trần Thị Kim Chii,
100021940667790,Nguyễn Thị Thuý Hằng,
100014387197027,Thanh Nhàn,
100006021342014,Tuyết Lam,
100007497760265,Y范,
100008302911690,Trọng Hiếu,
100004436827876,Chân Chân,
100032824850701,Văn Hòa,
100002944093255,Lê Huy,
100051108079757,Võ Thu Phương,
100006051614870,Trâm Trâm,
100013190071465,Quốc Khang,
100005080801682,Mỹ Hằng,
100005955049472,Như Ngọc,
100009654969386,Trúc Yên Thị Nguyễn,
100040561713395,Đinh Nguyễn Minh Thư,
100006774194795,Phạm Thị Phương Linh,
100008818777405,Lộc Nguyễn,
100009061857133,Kiều Như,
100028681753000,Trương Mai Quế Trâm,
100000254784896,Thanh Nguyễn,
100010921518341,Huỳnh Yến,
100007533540064,Tran Nhat Linh,
100008917543711,Ái Phương,
100001222895541,Hoàng Linh,
100051932539971,Huỳnh Vy,
100005866023186,Quế Anh,
100004534867689,MeiHao Su,
100004779729158,Mỹ Nhi Lý,
100002410998266,Phát Lâm,
100009201180178,Hà Trung,
100052208072794,Nguyễn Thị NgọcAnh,
100026144332371,Chip Chip,
100045824121406,Ngọc Hảo,
100013071432915,Phuong Anh Tran,
100018917208457,Thùy Thùy,
100007643820944,Ngọc Sinh,
100010954741979,Ng Quynh,
100006312274995,Ng Duyen,
100004525089720,Thy Lâm,
100029072074613,Hoàng Kimm,
100008634648629,Brian Huỳnh,
100004760040555,Anh Hoàng,
100003081903247,Hoàng An,
100010241131976,Bùi Lê An,
100005447805468,Chí Bảo,
100008355302844,Trang Thảo,
100006464410202,Trần Ngọc Hà,
100000799131952,Vy Nguyễn,
100058444912176,Quyên Thảo,
100006909760703,Khanh Nguyễn,
100006347431569,Cường Lê,
100003145793225,Huỳnh Ýnhi,
100004159363804,Mai Tây,
100003974281151,Phạm Thuý Hạnh,
100012869824465,Trịnh Minh Đức ,
100005771854117,Hà An,
100003322306767,Phương Đỗ,
100009629892673,TN Nhat Hong,
100006739562905,Dưa Hấu,
100005325572566,Ngân,
100009240676285,Alice Cao,
100024408762299,Quỳnh Như,
100009345620511,Thư Tracy,
100073148591248,Đinh Ngọc Hoàng My,
100006081486050,Ngân Tất,
100007397029254,Thùy Dương,
100071687523073,Thi Hinh Dang,
100012438525940,Hà Nguyễn,
100005864231021,Anh Thy Hồ,
100004639994845,Hải Long,
100007239393525,Cẩm Tú,
100022469414929,Kiệt Lê,
100068425757918,Bao Thi,
100003917525135,Trâm Anh Trương Nguyễn,
100000013527105,Khánh Kim Tran,
100003098275400,Dương Ngọc Như-Ý,
100006800404689,Vivian Vi Nguyễn,
100011221835094,Ánh Phụng,
100009381064408,Quỳnh Hoàng Diễm Quỳnh,
100068403768072,Kim Ashlyn,
100017542268180,Jun Đặng,
100010933784851,Phạm Tiến Thành,
100024305884863,Trần Hồng Linh,
100004429114974,Tiên Võ Huỳnh,
100034577742320,Diễm My,
100024617766692,Như Thùy,
100032980843195,Bảo Hân,
1359470260,Minh Pham,
100008429145480,Hà Thảo,
100021999964628,Quốc Hưng,
100076047675449,Phạm Trâm,
100024382540738,Hồ Trâm,
100060849614816,Nguyễn Ngọc Vỹ,
1754003702,Tuyết Nhung,
100005380959783,Lục Trinh,
100073892108548,Nga Lam,
100034363104009,Ho Vy Lam,
100077086536501,Lan Chiêm,
100010072145650,Nguyễn Thị Thuỳ Trang,
100073685900108,Thùy My Hoàng,
100009247680267,Ken Pham,
100039768862181,Cheng Li An,
100002708967139,Kieu Diem Nguyen,
100007383604813,Hana Nyanko,
100009762735926,Phương Tuệ My,
100068787484557,Trần Trúc,
100005607456435,Huỳnh Thanh Thảo,
100066793555425,Nguyễn Nam,
100022515489402,Dương Hoàng Nghi,
100012303763190,Thien Nguyen,
100014206666635,Huyền Nguyễn,
100008629746614,Thảo Vy,
100005130550239,Hạnh Đinh,
100009397401228,Shun Yên,
100010851702132,Trần Ngô Anh Thư,
100044124882199,Huỳnh Giàu,
100015294967367,Như Yến,
100005738049731,Trương Tuyết,
1387245000,TuLee Nguyen,
100035452778518,Hồng Trang,
100004948963331,Phuc Hong Nguyen Thi,
100014936746283,Đỗ Mỹ Tài,
100008467441528,Đinh Nguyễn Quỳnh Trang,
100009459165197,Ngoc Yen,
100010853464597,Thanh Tuy,
100003943192890,Bích Ngọc Nguyễn,
100004225458907,Chúc Nguyên,
100010091418959,Nhiên Nguyễn,
100007005276125,Ngan Tran,
100004709532989,Sò,
100003955718672,Ánh Ánh,
100025589033316,Nguyễn Mạnh Toàn,
100011723252195,Tuấn Sang,
100033952643028,Ndaanh,
100010013103039,Khánh Quỳnh,
100007715803637,Kim Thoa,
100007457026697,Châu Trần,
100003774121469,Hiếu Nguyễn,
100000210118218,Phát ChuBi,
100005544517799,Nguyễn Huyền Trân,
100004381773190,Lâm Nghi,
100003113220590,Triệu Đô,
100006478215371,Uyên Nguyễn Phương,
100000501999651,Nguyễn Minh Hiếu,
100006599083153,Nguyễn Kim Ngân,
100004012516732,Minh Anh,
100003099518603,Ellie Nguyen,
100010002614556,Nguyen Tam Nhi,
100015780756049,Minh Đại,
100007186355462,Phương Mai Chu,
100014955076112,Thanh Vân,
100009593139188,Phương Thảo,
100003873802664,Đặng Mỹ Ngọc,
100004431433246,Trân Đặng,
100003812293332,Vũ Anh Thơ,
100006141274049,Phạm Anna,
100010000329998,Nguyễn Phương Thảo,
100021980630466,Gia Linh,
100014608393111,Thục Nghii,
100005597537634,Phú Thành,
100014440690339,Thu Thảo,
100013698391715,Vy Nguyen,
100004328439650,Nghĩa Phạm,
100003961804990,Hoài Nam,
100003930001459,Phuong Uyen,
100010859776674,Huỳnh Ngọc Ánh,
100006302014004,Minh Minh,
100006358064045,Đỗ Thuyên Thuyên,
100013636230603,Võ Nguyễn Hồng Hà,
100002717713642,Nguyễn Thị Đoan Trang,
100010986948947,Đặng Thị Hà My,
100008575574546,Trúc Phương,
100041626462663,Lê Lương Song Toàn,
100007798212270,Võ Ngọc Hân,
100030925140022,Ngọc Hà,
100011257952032,Thanh Thảo,
100039898507984,Ngân Duy,
100003881659405,Ngọc Khanh,
100011979403136,Ngoc Huong,
100013624658352,Hạ Yến,
100009432630830,Yếnn Thii,
100007677858951,Quỳnh Nguyễn,
100008121793793,Gia Mẫn,
100005746687718,Phạm Trúc Hiền,
100001818951557,Nguyễn Tường Hân,
100004523164096,Linh Sun,
100029527867573,Hạ Quyên,
100005173086666,Nguyễn Trân Rose,
100007457026697,Châu Trần,
100005769881577,Nguyễn Mỹ Hảo,
100004505566723,Kim Yến,
100003025728028,Ha Le,
100005826930823,Khánh Thảo,
100013587856767,Trịnh Thư,
100009451494611,Vy Nguyễn,
100004888481659,Vi Anh,
100008064606844,Ngọc Hân Nguyễn,
100004268555358,Tuyết Lam,
100002555077979,Rose LamNguyen,
100013376656699,MinhToàn Dương,
100006909933877,Đặng Thị Như Huỳnh,
100024486259906,Triệu Mỹ Hằng,
100009584355324,Thái Dương,
100023490184823,Phạm Vũ Thiên An,
100013657660858,Ngô Thị Như Ý.,
100008528555172,Ngọc Ngân,
100006874176623,Cao Minh,
100005246089268,Phuong Doan,
100001255455664,Tuyet Pham,
100001473798373,Thanh Tuyền Trần,
100015755229616,Thu Hà,
100010736553786,Moon Amy,
100003170483970,Huỳnh Kim Mỹ,
100009892687660,Tố My,
100005975793477,Tâm RM,
100023411198747,Thu Thảo,
100034516931902,Tuyết Thanh,
100002951184112,Chanh Muối,
100025908364744,Mã Thu Nhiều,
100006324912264,Thiên Trang,
100008124850480,Bích Duyên,
100003929428070,Quynh Khuu,
100033040746735,Linhh Linhh,
100010293210339,Nhật Minh,
100003631993529,Tân Nino,
100005467366956,Nguyễn Thị Mến,
100023724729219,Bi Tồ,
100004078113776,Uyên Bùi,
100010629853172,Nam Dương,
100036120794356,Đỗ Hồng Thắm,
100004123150423,Võ Nguyễn Thanh Phương,
100032511316963,Hoàng Thị Thuỳ Linh,
100005482607637,Nguyễn Thị Hồng Vân,
100007919327086,Gôn Chúi,
100026282962572,Trần Phạm Công Minh,
100018593230618,Nhung Lê,
100012465941932,Tâm Nguyên,
100030383707278,Đoàn Lê Giang Tường,
100013177113726,Vũ Thanh Huyền,
100030383707278,Đoàn Lê Giang Tường,
100055901797853,Tuyết Ngân,
100029798416782,Nam Nguyễn,
100072464174615,Khánh Gia,
100055984234151,Thiên Trang,
100030281588806,Giang Shu,
100004862045120,Nhung Nguyen,
100001439235669,Quốc Khánh,
100028415922550,Hà Huyền,
100076280257080,Thái Mộng Tuyền,
100075027720579,Bảo Nguyên,
100035222950092,Ngọc Ngọc Tú,
100072577553241,Nga Bạch,
100009122232634,Trần Ngọc Quí,
100009122232634,Trần Ngọc Quí,
100019372298728,Hoàng Trung Quân,
100006143656516,Thanh Thảo,
100014852074422,Ngọc Thảo,
100001830486242,Thảo Le,
100006714197287,Lý Chi,
100007171471572,Khả Vy,
100012563778431,Thành Đạt,
100047155419357,Nguyễn Nhi,
100010925284826,Nguyễn Hoàng Lam,
100006666994910,Tuyết Vân,
100015398700001,Phạm Nguyễn Phương Thảo,
100010597865222,Thảo Nguyễn,
100003073547971,Nguyễn Thụy Hoàng Trâm,
100006814477895,Huỳnh Thảo Vy,
100007473527901,Quan Trường,
100007129927334,Trang Nguyễn,
100001145306337,Nguyễn Thị Thu Hà,
100005997854369,Quế Phương,
100015917079864,Mai Phương,
100021868534413,Trương Ngọc Trâm,
100007560019169,Gia Khánh,
100006450761447,Khoa Hồ,
100004345699032,Linh Vi,
100005941862770,Lan Điềnn,
100021667965204,Ngọc Trâm,
100000247808439,Huy Kha,
100003703273308,Bluu Bluu,
100006564008673,Tường Uyên,
100007205700021,Ngọc Huyền Nail Mi,
100001875262784,Minhh Thư,
100006608349902,Uyên Phương Đoàn,
100018440463497,Phạm Tâm Như,
100005997373816,Thanh Nguyễn,
100019334252078,Nguyễn Thư,
100013486481742,Nguyen Duong Minh Thao,
100008009894701,Nguyễn Trần Kim Tiên,
100009821167245,Minh Hà,
100006091218633,Trang Thai,
100015356405378,Giang Nguyễn,
100011947751303,Trang,
100022654682933,Minh Anh,
100015303135130,Quỳnh Quỳnh,
100015351818814,Truong Ngoc Anh Thu,
100004880328243,Võ Thị Cẩm Tú,
100001698890547,Nguyen Kim Gia Huy,
100027019869902,Thanh Thảo,
100008897281476,Kim Hà,
100000506490941,Nhật Vi,
100007413106515,Như Quỳnh,
100004123184172,Thanh Trang,
100009070327836,Lâm Nhã An,
100031029887383,Quỳnh Trâm,
100005873677405,Thiên Lê,
100010052798457,Phạm Thị Cẩm Tiên,
100019854616642,Phạm Nguyễn Hồng Duyên,
100014726058740,Bích Ngọc,
100010312839333,Uyen Tran,
100003853530660,Nguyễn Đặng Thanh Phương,
100010958116656,An Ní,
100008421275358,Cá Nè,
100006458128443,Thanh Trúc,
100007864861685,Trần Minh Thu,
100038309613495,Tuấn Nguyễn,
100040562731463,Mỹ Duyên,
100033773841341,Trang Trang,
100010854856344,Tran Nguyen Kieu O,
100004888592943,Nguyễn Khang,
100005547462044,Tuyết Hồng,
100005251389010,Hồng Nhung,
100000766903475,Q. K. Diễm,
100002207529377,Thanh Thanh,
100002523334012,Anh Chiến Lưu,
100006034147213,Phương Ngân,
100044674613278,Nguyên Ngọc,
100001834699287,Thanh Mai,
100001015890448,Dũng Lê,
100006426311370,Mai Khanh,
100031164128268,Hoàng Mụi,
100007898647732,Nguyễn Hạ Đan Ngọc,
100010371372666,Ng Mai Phong,
100009724185830,Phụng Phụng,
100022755593052,Vũ Nguyễn Như Quỳnh,
100013353403019,Hà Linh,
100009215072180,Phạm Ngọc Phương Annh,
100011948314056,Lê Bảo Ngọc Mai,
100006647372971,Anh Thư,
100005935236374,Thảo Vy,
100008317925044,Nhất Hưng,
100029072074613,Hoàng Kimm,
100011030343170,Dũng Hanh,
100012874563839,Huyền Đặng,
100025668284309,Hiền Thanh,
100019985944673,Thảo Chi,
100009099491177,Mỹ Huyền,
100015099885914,Phương Thảo,
100030661572260,Dung Dung,
100013788788199,Huy Anh Dang,
100021997386893,Kim Lan,
100041659784718,Duy Lê,
100023002958202,Lan Anh,
100029684973097,Rest Menn,
100007227822651,Tuấn An,
100004911463069,Lê Thảo,
100009081327832,Hồ Thị Như Khuyến,
100043826017917,Linh Hi,
100068507055090,Lan Khanh,
100075251624468,Đỗ Nguyết Ánh,
100074821765637,Lily Timothy,
100004870981933,Nguyen Loan,
100009438625229,Ngô Vi,
100035100762724,Mỹ Tiên,
100023886609981,Tiên Trần,
100023147468080,Gia Hưng,
100058966249356,Như Lâm,
100072821442086,Hà Tuệ,
100012466502253,Thuý Vân,
100013852844041,Thanh Thảo,
100072674838899,Thanh Khanh,
100077638088074,Thuy Kieu Vo,
100021509262140,Dĩ Ân,
100013968363870,Quang Nguyễn,
100004574940389,Bé Mèo,
100003484053802,Ivy Julie,
100007807931803,Huỳnh Như,
100015476671735,Tuyền Tuyềnn,
100004071604651,Christina Le,
100070385004978,Thanhh Trúc,
100001715386832,Như Nguyễn,
100006022953731,Linda Trần,
100004718384822,Ngoc Huynh Bich,
100027239200524,Tuệ Như,
100066263003618,Nguyễn Ái Vân,
100012374989278,Phượng Võ,
100058074534502,Nguyễn Huỳnh Anh Khoa,
100026797173905,Minh Quan Nguyen,
100002160826860,Dâu Dâu Nguyễn,
1436204851,Trung Mai,
100002786977177,Nguyễn Hoài Thương,
100017937301457,Sam Sam,
100007904832144,Bùi Hương Giang,
100009218208847,Nhã Lê,
100011071442306,Hồng Thanh,
100017180076013,Loan Phượng,
100011284445734,Mỹ Phượng,
100052199351216,Quynh Anh Le Nguyen,
100037171173070,Nguyễn Thị Minh Anh,
100032826322830,Quee Trann Đi Hoc,
100046832656288,Thy Nguyen,
100003041160944,Hoàng Diễm,
100003784267923,Zon Nguyễn,
100030106373656,Phạm Hằng,
100075336172954,Lại Ngọc Tuyết,
100047166465187,Emi Tran,
100040039752101,Phúc Bùi,
100013352372654,Thuý Quỳnh Nguyễn,
100038688518159,Khang Đoàn,
100007643292700,Quynh Huong Nguyen,
100065291080356,Ngọc Diễm,
100004386879137,Trần Thư,
100003783067280,Khánh Hạ,
100048063499128,Cu Bình,
100010742588690,Kim Lệ,
100002941092147,Nguyễn Hằng,
100001532077289,Thuỳ Trang,
100009172441477,Phúc Nguyễn,
100010032094299,Đoàn Phương Thanh,
100000750915313,Tuyen Le,
100003999456068,Loan Loan,
100005225382728,Châu Châu,
100012002615156,Hoànq Pii,
100003657955334,Thu Hiền,
100001057548635,Huy Pham,
100008891622416,Ngọc Hân,
100071228417933,Ngân Nguyễn,
100005698632332,Tuyết Kha,
100004668253929,Mai Chun,
100056311532608,Nguyệt Tuyết,
100057274133852,Nguyệt Minh,
100004057061424,Kim Dung,
100059605393787,Bang Ngo,
100021807848343,Thanh Nguyễn,
100010425348777,Dol Nguyen,
100002932792255,Henry Trương,
100068446232154,Vũ Nguyên,
100003471973944,MH Nguyen,
100000244475365,Trinh Trần,
100076350322301,Hoàng Tín,
100000413972396,Mai Ngọc Bích,
100054899767081,Huu My Ho,
100055958449892,Ngọc Lan,
100029222497901,Minh Châu Anh Bui,
100075400187651,Tri Minh,
100029103916934,Hoàng Anh Mai,
100039714648229,On Yuu,
100033711733107,Lê Thảo My,
100069390901560,Nguyễn Bình Dung,
100004034032784,Phương Uyên,
100040635671861,An Dinh Pham,
100068276602969,Đỗ Quynh Anh,
100016958922737,Phan Phượng,
100048517130402,Thanh Ngan Le Hoang,
100036608626187,Anh Thu Tran,
100051383103854,Mie Mie,
100009526057998,Liên Trần,
100048513473187,Huỳnh Chi,
100004253139715,Thảo Phương Nguyễn,
100001830457993,Mai Thanh Tùng,
100004333123714,Luong Nguyen Duy An,
100005444914507,Phương Trang,
100007931944455,Bảo Trâm,
100011728866875,Lê Hoàng Ân,
100010004507507,Lê Ngọc Phương Vy,
100005858292370,Huỳnh Như,
100022751201965,Lê My,
100008287521811,Thanh Huy,
100076651628737,Thanh Thảoo,
100012853534579,Linh Vy,
100006038176923,Minh Phạm Hạnh,
100020839580956,Nguyễn Thu Trà,
100017471550303,Trần Thùy Linh,
100011598315407,Linh Hung,
100020709704049,Lê Lan Hồng,
100015034980742,Loan Huy Vu,
100009491795703,Nguyen Hoai Vy,
100021078667618,Bảo Ngọc,
100014329717138,Nguyễn Linh,
100013790262847,Linh My,
100017409665151,Đinh Ánh Ngọc,
100002636237685,Hoài Sophie,
100002635697803,Tran Thao Han,
100028425532439,Vũ Hương,
100007474813544,Trần Minh Hà,
100022738450538,Đỗ Quỳnh Mai,
100010578270688,Trần Thị Quỳnh Như,
100043395011374,Hân Ni,
100074282086485,Shi An,
100035412471064,Lê Trần Hân Ni,
1848434734,Anh Quỳnh,
100043395011374,Hân Ni,
100024595474186,Lê Trần Bảo Ngọc,
100036351276695,Tiên Tiên,
100003190124514,Annie Linh Nguyen,
100004323968518,Thảo Ly,
100005282389152,Hoàng Lam,
100073675796419,Thuý An,
100007290422236,Công Danh,
100006152048885,Muy Muy,
100024882361285,Trish Nguyenn,
100078293900399,Phương Trương,
100033628623387,Khánh Linh,
100037917579522,Ngân Giang,
100043132540273,Bé Heo,
100022471441821,Phương Nghi Nguyễn,
100012367003867,Mai Nguyen Thi Thanh,
100038188212267,Huy Quang Lại,
100017595555002,Lương Yến,
100005368244422,Tuyết Ngân,
100050791965378,Quỳn Quỳn,
100035634943603,Tú Như,
100029453777824,Mân Tô,
100004256949399,Võ Thị Tuyết Hoa,
100001226394080,Trân Trân,
100003521172617,Cao Kim Phụng,
100000549448270,Duy Sang,
100004532432065,Linh Nguyễn,
100003694314127,Phan Trâm,
100011134364531,Minh Tú,
100015927602603,Mạnh Quỳnh,
100004473521650,Trinh Trinh,
100024502789928,Phạm Ngọc Yến Trân,
100007341966466,Ngọc Nương,
100011023747589,Diễm Kiều,
100006920889089,Minh Thái,
100036003217397,Võ Thu Hằng,
100009577955140,Lý Bảo Ngọc,
100004068526449,Tính Trần,
100021756125153,Nguyễn Thu Hương,
100003843298573,Châu An,
100034223957868,Lưu Thanh Trang,
100010501533308,Ngọc Ngân,
100040290203331,Hoàng Thị Xuân,
100052344668216,Nguyễn Bảo Ngọc,
100003998518491,Đặng Yến,
100023004604448,Trường Phi,
100008095476322,Ngọc Thư,
100006888636283,Quốc Bảo,
100049481211612,Phương Trần,
100004839197796,Kimm Ngọc,
100000378073237,Hồng Nguyễn,
100008413362215,Hà Mon,
100028048666311,Phạm Ngọc Thuỳ Dương,
100003144631993,Thảo Nhii,
100051244478995,Phúc Long,
100008244692636,Minh Thủy,
100012484991020,Yến Linhh,
100001913834289,Nguyễn Thị Mỹ Ngân,
100007680706845,Kim Ngân,
100002551217448,Gia Hânn,
100002624160121,Buu Ly Trinh,
100001578001316,Đỗ Nguyễn Minh Trang,
100004785677439,Uyển Nhi,
100007995767661,Thanh Truc,
100015927811321,Ngọc Cầm,
100009769745900,Thanh Loan,
100001550146128,Meo Con,
100004850730568,Sơ Mi Vi,
100013271553377,Xuân Dung,
100072631819132,Thi Ngà,
100016449601338,Doanh Doanh,
100003349074054,Vũ Phạm,
100000479773527,Tùng Lê,
100010752938236,Phương Ngân,
100004597302779,Chi Tăng,
100006010338880,Mộng Thu,
100008754512781,Oanh Vũ,
100047305148044,Kh Vy Hoang,
100003896090012,Trần Thanh,
100007224046034,Nguyễn Thị Ngọc Yến,
100003874184198,John Tran,
100004377274028,Hoàng Phi,
100014473624709,Mẫn Doãn Kì,
100056858928028,Cẩm Thụy,
100016410075337,Thanh Luyến,
100006580475215,Bích Trâm,
100012526788439,Hân Trần,
100001607477819,Đăng Dương,
100039565152349,Meghan Lin,
100011751637557,Đặng Hoàng Diệu Thiện,
100001863629211,Ngọc Huyền,
100052205050049,Thanh Lan Bùi,
100000208916481,Hoàng Vũ Xuân Mai,
100070241837693,Trần Lệ Quyên,
100031330037752,Uyen Truong,
100004700649101,Selina Tran,
100009589149950,Mai Anh Thư,
100008179893406,Trúc Phương,
100033293659111,Ngoc Sang,
100011079900491,Quỳnh Suti,
100027169303132,Lê Thị Lan Nhi,
100009376009186,Trần Quyên,
100021891783587,Trần Mon,
100018328325391,Diễm Trương,
100025961379190,Bao Han Tran,
100008097630569,Phương Hoa,
100008743756661,Quynh Anh,
100001822111261,Lê Tấn Đạt,
100030342198344,Thùy Dương,
100027906081023,ThaoNguyen Ninh,
100001311467307,Thao Tran,
100009379245739,Thúy Thanh,
100072973265952,Hằng Xuân,
100045949596162,Trân Nguyễn,
100050000165854,Hân Lê,
100020547251993,Ngọc Ánh,
100006664544548,An Nguyen,
100008479890046,Thanh Thảo,
100010482644177,Chí Tài,
100001406147548,Quynh Nhi,
100004435622815,Uyên Phương,
100046618276195,Kim Khánh,
100015773194360,Lý Phương Quyên,
100005138497032,Tran Thi Yen Nhi,
100070168515907,Thảo My,
100009704087634,Nguyễn Ngọc Minh Như,
100024961818531,Trương Phượng,
100005302294647,VT Ngọc Tú,
100008155950078,Bích Trâm,
100010461495382,Nguyễn Trúc Ngân,
100034991588382,Nguyễn Ngọc Tường Vy,
100006329380365,Huynh Hoang Anh Dao,
100036845351195,Ng Như,
100008225707794,Võ Ngọc Trâm,
100031957068734,Gia Phúc,
100009022365471,Nguyễn Võ Hoài Thu,
100006378519621,Thanh Hằng,
100026833056067,Kim Hằng,
100044312555942,Xuân My,
100023799530889,Bảo Nghi,
100054478855628,Nguyễn Thành Đạt,
100067604744968,Em Noud Philaketh,
100053136570797,Minh Ngọc,
100009245161552,Miki Nguyen,
100030466924242,Avocado Kim,
100048122704944,Sophia Tran,
100000197194890,Nguyễn Thị Thanh Vinh,
100041229484128,Duong Hoang Kim Ngân,
100005745791579,Vi Nguyễn,
100004893723366,Thùy Dương Văn,
100047922639863,Annie Lydia,
100071824232472,Khánh Vy,
100005926775763,Hoàng Anh Takara,
100012849465061,Dương Bá Duy,
100010174051420,Trần Thanh Nhật Thi,
100040521191746,Minh Trương,
100009156920361,Thy Thy,
100049744581792,Huỳnh Thanh Thuỷ,
100002350515234,Tuyết Vi,
100005424795888,Huỳnh Hải Yến,
100009496125553,Thảo Anh,
100010611407699,Thành Trần,
100004418497156,Nguyễn Thị Kim Huyền,
100016776646015,Thảo Nguyên,
100005113321548,Thanh Thai Hong Le,
100004994910923,Huỳnh Ngọc Hạnh Dung,
100023127761872,Thư Nguyễn,
100066098833804,Nguyễn Đạt,
100004062367721,Tống Khánh Linh,
100009685209861,Cerys Ng,
100028662304419,Hân Hoàng,
100007834717386,Hường,
100010743978377,Lưu Trường Phúc,
100000327405508,Nam Nguyen,
100047408468361,Kiệt Dương,
100008070002153,Heo Mọi,
100011259167564,Dao Do,
100009845285630,Phạm Thanh Nhàn,
100063824083517,Vi Aanh,
100006682847166,Nguyễn Thùy Dung,
100073769774123,Hà NAnh,
100003132404371,Nguyễn Thị Minh Tuyền,
100007274199459,Thảo Vy,
100040389072519,Đỗ Ngọc Vân Anh,
100024073942834,Minh Anh Nguyễn,
100004030432654,Phan Nam Chí,
100015240995335,Mai Khanh,
100011666686716,Bi Thái,
100033443370910,Bùi Nguyễn Hạ Vy,
100002458126162,Như Tuyết,
100008079402146,Minh Thư,
100056621661656,Chung Thục Minh,
100061828209931,Bảo Vy,
100067903303313,Thanh Thảoo,
100007074122773,Nguyễn Khương Tường Vy,
100006352775116,Nhỏ Kua,
100024816180688,Mai Nguyễn,
100020022031112,Trần Hải Yến,
100025449691382,Nguyễn Minh Trang,
100000200544820,Ngọc Thiên Thanh,
100005857148008,Tú Nhi,
100005946906995,Trịnh Bửu Như,
100021919684095,Phuong Nguyen,
100007457703567,Khánh Vy,
100003233408937,Bảo Quỳnh,
100004088595296,Khuê Hứa,
100013836876183,Thanh Hùng,
100013836876183,Thanh Hùng,
100078164254617,Hoàng Phú,
100029000790652,Song Thư,
100008204774494,Đạt,
100001508988920,Nguyễn Vũ Minh Trâm,
100074329722567,Mỹ Thanh,
100075478072363,Thi Hoàng Thanh,
100005884897341,Trần Thúy Vi,
100044041327164,Lê Thị Thanh Tâmm,
100002821684501,Minh Hạnh,
100071217592646,Khánh Linh,
100017423023586,Như Ngọc,
100030979447120,Trinh Trinh,
100006545176709,Hoài Linh,
100050505825893,Bích Trang,
100016617407142,Hoàng An,
100026801791627,Trương Tuyết Vy,
100006229239784,Nguyễn Thị Phương Như,
100011347883958,Phạm Tuyết Nhung,
100034551309452,Lê Bảo Dương,
100026468046566,Huy Nguyễn,
100003471073711,Terry Uong,
100007146219341,Quang Huy,
100012231450299,Thuý An,
100006130595032,Dung Dung,
100025835346788,Nguyễn Hoàng Phương Uyên,
100004641391764,Thanh Danh,
100000061892230,Vưu Anh,
100009994562265,Le Phan Quynh Anh,
100017350815160,Đặng Phương Nghi,
100010975446980,Trương Linh,
100001723780493,Lê Hải Vân,
100008843613870,Anh Nhu,
100054704386160,Thanh Nhân,
100077662443372,Nguyen Hang Cung,
100075403135865,Nguyễn Huyền,
100028992621865,Hoàng Kim,
100074299693808,My Hân,
100072900638254,Hạ Kim,
100073010582780,Châu Bảo,
100072653306245,Phạm Thu Ngà,
100017604167140,Ngân Hà,
100010014407664,Huy Phan,
100007455046841,Lê Ngọc Phương Trinh,
100006362375667,Đậu Đậu,
100031349709982,Phúc,
100005895162646,Thanh Lê,
100003099102292,Chau Kyy,
100004404402119,Đức Trần,
100006487360266,Thuý Hằng,
100006173230444,Hoa Luu,
100004562918404,Huỳnh Phương Thanh,
100003179132297,Nguyễn Lê Hoa,
1566715595,Jenda Đặng,
100004849207812,Thanh Trúc,
100038528986725,Huỳnh Nguyễn Anh Thư,
100003966594864,Nguyễn Đặng Hải Yến,
100048347110851,Nguyễn Yến,
100007698735993,Ngọc Thảo,
100007331258756,Diệp Lê Khánh Vy,
100004041322866,Thu Hương,
100068111444752,Bao Binh,
100003699110395,Huỳnh Tuyết Chinh,
100011929204012,Trần Lê Cẩm Huyền,
100002825082389,Tiên Ng,
100007732000426,Ánh Nguyệt,
100003888684606,Ái ThOa,
100015850891817,Lê Huyền,
100011364506957,Nguyễn Thanh Vũ Duy,
100004019772686,Hà Phạm,
100007841619475,Lê Ánh Tuyết,
100012340511088,Mochi Hien,
100001398520364,Thiên Vũ,
100077571698826,Kim Dan Ngo,
100030295270584,Hà Thảo,
100006406892849,Mễ Mễ,
100010262919519,Trần Thị Mỹ Kim,
100006041763398,Ngô Ngọc Thúy,
100000273144634,Hoàng Quý,
100072549895166,Hương Linh,
100004682551213,Việt Hà,
100038197034716,Hồng Phấn,
1296645234,Long Nguyễn,
100072444596820,Dung Diệp,
100010632366790,Phát Nguyễn,
100003630533195,Châu Song Kiều,
100058092506995,Liên Thảo,
100000116899822,Ruby RuBy Ngoc,
100001636178451,Cô Chin,
100009394878773,Nguyên Hồ,
1458580169,Bảo Anh,
100005232311722,Thanh Hằng,
100010131844607,Nhi Bắp,
100003888261858,Hanhy Phan,
100003838540978,Thuận Quế,
100006059831248,Hiền Trương,
100025881187631,Tuyếtt Nhii,
100007259684260,Ngọc Hoa,
100006367091261,Tuyen Ho,
1458978537,Ngọc Đinh,
100005102014503,Tiên Tiên,
100006693905418,Ng Thanh Vy,
100013564969324,Thuý An,
100001532074657,Bich Lieu Hong,
100077296307088,Mai Lan,
100003203176132,Huỳnh Minh Bảo Ngọc,
100070364078729,Trần Nguyễn Tường Vy,
100003437099010,Quỳnh Heo,
100008316048303,Trần Tuyền,
100000128005439,Trang Luong,
100003877909107,Hoàng Phước,
100070316801529,Công Toàn,
100034140783432,Mỹ Tuyền,
100057009921755,Mei Ling,
100055541995853,Quỳnh Vân,
100013260793740,Pu Panda,
100011680424923,Quỳnh Như,
100001067773319,Mạnh Tiến,
100002921359426,Dương Quân,
100054975550563,Thái Duyên,
100010922808931,Quyen Azure,
100011345453825,Võ Lạc Nhii,
100004425577402,Thao Phan Minh Nguyen,
100006879373298,Bão Mùa Hè,
100002941646058,Chu Minh Ngọc,
100055758134887,Hồ Hoàng Anh Thư,
100017734118634,Hà My,
100006406240904,Ng T. Quỳnh Như,
1337695648,Tuyết Vân,
100076203943627,Mỹ Hậu,
100005601498981,Thủy Thanh,
100009414088296,Ngọc Phụng,
100048047498928,Mỹ Hân,
100062394459629,Tram Anh,
100024931092923,Chang Mi Sul,
100028847565564,Ngan K Phan,
100003136230882,Bang Huy Bui,
100011866823223,Lyly Tran,
100010004222439,Hà Huỳnh Giao,
100004183181868,Thảo Olive,
100052195391889,Bùi Thảo Quỳnh Hương,
100044242926104,Bích Huyền,
100007141448562,Iris Tran,
100000190688395,Nguyễn Quý Anh,
100004279657846,Thảo Nguyên,
100011996328754,Phương Vy,
100003126988913,Huong Mint,
100041143381176,Thụy Vy,
100001853077474,Linh Lam Loi,
100004161227074,Diệu Hiền,
100056988253780,Phan Minh Ngọc,
100005835284467,Nguyễn Thị Hoài Duyên,
100026436842941,Nguyễn My,
100004266618190,Hương Giang,
100063377033388,Trường An,
100002744508886,Kim Thiên Nguyễn,
100013867212619,Huỳnh Anh Thư,
100050608620679,Yếnn Nhii,
100000898975942,LY LY Cao,
100006891736591,Đan Trinh,
100002920928051,Phương Trân,
100008591225599,Phương Linh,
100058956228621,Diệp Bich Anh,
100074976817010,Trương Thị Yến My,
100013220378603,Fear Pur Pose,
100074892578378,Bảo Uyn,
100002437020894,Thảo Vũ,
100042380047288,Hồ Mỹ Duyên,
100002123262165,Angelinus Trinh Lê,
100001917781831,Candy Bùi,
100009566799992,Hải My,
100004139444366,Vo Cam Thu,
100004433712507,Hoa Hồng Nhung,
100000378344295,Lê Kim Thiên Vũ,
100035541680077,Ngô Phương Thảo,
100028948251866,Nguyễn Thanh Vân,
100003299982872,Vũ Minh Anh,
100010080999464,Phạm Ngân,
100001190577613,Graper Nguyễn,
100009054981871,Linh Uông,
100003870977332,Linh Trương,
100004222210643,Đỳ en chồ,
100002358319455,Loc Pham,
100000183146470,Nghiêm Lê Anh,
100013400627812,Trần Thị Hoa Linh,
100023974958312,Trang Doan,
100004987939223,Hương Giang,
100006528241658,Phương Linh,
100009431223244,Ngọc Trinh,
100015725411249,Bùi Thị Hồng Gấm,
100002575895944,Thanh Huyen Nguyen,
100007614343293,Bùi Thúy,
100009533506373,Trần Thị Bích Ngân,
100007365457226,Như Ngọc,
100014188454099,Ngân Thanh,
100006726090343,Mẫn Mẫnn,
100007148799341,Thanh Khang,
100028175266654,Xi Mụi,
100016427296965,Hồ Thùy Linh,
100008032569564,Thủy Tiên,
100036690724931,Nguyễn Như,
