user_id,reply_id,comment_id
100002603657015,1065223937560037,1065223454226752
100058074534502,1065225334226564,1065223454226752
100002603657015,1065265890889175,1065238184225279
100009303706644,1065267207555710,1065238184225279
100002603657015,1065298690885895,1065294464219651
100002603657015,1065346244214473,1065322560883508
100055480813254,1065364630879301,1065322560883508
100002603657015,1065346267547804,1065345867547844
100002603657015,1065357504213347,1065353984213699
100005129167661,1065379170877847,1065353984213699
100002603657015,1065878930827871,1065509324198165
100002603657015,1065879020827862,1065551550860609
100008293101580,1066007810814983,1065551550860609
100000057317444,1106934403388990,1106725003409930
100055285393099,820681705347596,819213202161113
100025352089227,870043890411377,870043190411447
100023331170581,870044380411328,870043190411447
100025352089227,870044930411273,870043190411447
100023331170581,870045673744532,870043190411447
100002256351298,870066307075802,870066133742486
100006775142089,870066367075796,870066133742486
100002256351298,870066407075792,870066133742486
100040831900994,1139060766843020,1139049840177446
100013889885230,1139063740176056,1139049840177446
100071893561306,1139051780177252,1139051433510620
100003752053301,1139054583510305,1139053466843750
100008227272941,1139055553510208,1139053466843750
100013080076139,1139076163508147,1139062086842888
100005812327834,1139076833508080,1139062086842888
100013080076139,1139078150174615,1139062086842888
100009841307449,1139089896840107,1139069813508782
100009768735718,1139100030172427,1139069813508782
100009841307449,1139101346838962,1139069813508782
100006092867782,1139082423507521,1139074613508302
100036074010084,1139082653507498,1139074613508302
100004708201472,1139098176839279,1139089970173433
100003127395355,1139101963505567,1139101693505594
100003303100957,1138879893527774,1138879776861119
100026971157955,1138879993527764,1138879776861119
100000419524735,1138459443569819,1138441966904900
100003208638304,1138534376895659,1138514266897670
100001606491571,1138552640227166,1138514266897670
100003768868593,1138516483564115,1138516003564163
100001604270898,1138527613563002,1138516003564163
100003768868593,1138620423553721,1138516003564163
100001604270898,1138844120198018,1138516003564163
100001775890247,1138548570227573,1138546413561122
100076350322301,1139092273506536,1139091070173323
100012166095988,1137336167015480,1137335717015525
100045376518650,1137694290313001,1137605160321914
100008154527627,1137764846972612,1137605160321914
100038041325787,1137642643651499,1137621550320275
100030064415072,1137679180314512,1137678386981258
100033283035695,1137760566973040,1137759773639786
100008536333520,1137799160302514,1137798553635908
100070429634186,1137836226965474,1137800850302345
100001903644075,1139071940175236,1139052703510493
100004332734129,1139070673508696,1139068513508912
100003767990392,1139076520174778,1139068513508912
100010063484155,1139080423507721,1139080233507740
100002745431736,1138932130189217,1138842206864876
100006541964314,1138923596856737,1138894046859692
100014840554852,1138934530188977,1138894046859692
100033420122307,1138936416855455,1138899983525765
100005200934033,1138937650188665,1138899983525765
100033420122307,1138965526852544,1138899983525765
100005200934033,1138979916851105,1138899983525765
100033420122307,1138980293517734,1138899983525765
100005200934033,1138983303517433,1138899983525765
100033420122307,1138983770184053,1138899983525765
100011314572863,1138919860190444,1138902873525476
100012915915924,1138922243523539,1138902873525476
100011314572863,1138981970184233,1138902873525476
100010073800833,1138917296857367,1138915406857556
100004633961732,1138945196854577,1138944686854628
100003831343387,1138945716854525,1138944686854628
100004633961732,1138951166853980,1138944686854628
100004886797136,1138958370186593,1138957840186646
100004967794407,1138958576853239,1138957840186646
100004886797136,1138958773519886,1138957840186646
100004056192077,1138982570184173,1138957840186646
100001089876424,1138968516852245,1138967993518964
100003515650037,1138968996852197,1138967993518964
100006074462567,1139076030174827,1138974896851607
100004886535919,1139078753507888,1138974896851607
100013581752751,1139061463509617,1139060933509670
100013909448207,1139064296842667,1139060933509670
100024768382744,1138650386884058,1138647460217684
100028804183925,1138650600217370,1138647460217684
100024768382744,1138650900217340,1138647460217684
100028804183925,1138651106883986,1138647460217684
100003941859622,1138681886880908,1138648530217577
100041460853445,1138668616882235,1138655173550246
100015608356689,1138672726881824,1138658333549930
100046617380050,1138659933549770,1138659626883134
100039561969031,1138694533546310,1138659970216433
100001628051263,1138667880215642,1138665296882567
100049471598167,1138901650192265,1138670233548740
100021934415249,1138952960187134,1138670233548740
100049471598167,1138953853520378,1138670233548740
100021934415249,1138962603519503,1138670233548740
100049471598167,1138962836852813,1138670233548740
100004211473004,1138684730213957,1138683870214043
100066555477294,1138695150212915,1138685673547196
100059134293519,1138816316867465,1138700273545736
100009821440985,1138943963521367,1138706483545115
100017725906611,1138947016854395,1138706483545115
100015220800163,1138966593519104,1138711466877950
100043075148334,1138968276852269,1138711466877950
100029854352285,1138861143529649,1138730210209409
100052168175326,1138681550214275,1138622433553520
100055038453526,1138642700218160,1138623550220075
100005258614741,1138837593532004,1138623650220065
100008184459829,1138915083524255,1138626130219817
100006470229139,1138919066857190,1138626130219817
100008184459829,1138920283523735,1138626130219817
100003270528761,1138660500216380,1138628100219620
100017357227039,1138634010219029,1138628646886232
100022864656648,1138634353552328,1138628646886232
100007811347279,1138629986886098,1138629530219477
100004013172089,1138631396885957,1138629530219477
100008220168795,1138816436867453,1138629736886123
100039159813816,1138878866861210,1138629736886123
100007545010165,1138633490219081,1138632706885826
100004077892115,1138638073551956,1138632706885826
100007545010165,1138647906884306,1138632706885826
100004077892115,1138649766884120,1138632706885826
100007545010165,1138673750215055,1138632706885826
100004077892115,1138676693548094,1138632706885826
100005079438148,1138653993550364,1138632926885804
100004246568866,1138848943530869,1138633473552416
100074255226243,1138642390218191,1138634180219012
100005981358902,1138647456884351,1138639220218508
100011239624708,1138641420218288,1138640813551682
100048852226446,1138653843550379,1138645890217841
100010163984368,1138658650216565,1138645890217841
1736222020,1058699248212506,1058541951561569
100010063484155,1058561724892925,1058560791559685
100034052404909,1058636844885413,1058636421552122
100007211735299,1058801978202233,1058731221542642
100004062464293,1058802261535538,1058731221542642
100004058316343,1060711938011237,1060686271347137
100007211735299,1064292867653144,1060910461324718
100022685924887,1064294047653026,1060910461324718
100007211735299,1064296930986071,1060910461324718
100018109205554,1058348234914274,1058324351583329
100008252345547,1058514194897678,1058434144905683
100000448831032,1058442698238161,1058435828238848
100003864976719,1058585438223887,1058438021571962
100014251696726,1058537128228718,1058440864905011
100015974806748,1058538464895251,1058440864905011
100000324333879,1058509811564783,1058499884899109
100014602234822,1058581268224304,1058502724898825
100004787679263,1058512561564508,1058512164897881
100008326663740,1058512741564490,1058512164897881
100004787679263,1058566681559096,1058512164897881
100008326663740,1058587018223729,1058512164897881
100001909374377,1058872974861800,1058517221564042
100030963840092,1058555158226915,1058536568228774
100034457627831,1058772498205181,1058536754895422
100006930135268,1058791294869968,1058536754895422
100011429852969,1058376911578073,1058271318255299
100002420599334,1058304631585301,1058271811588583
100033010292948,1058287198253711,1058282818254149
100066799089968,1058287358253695,1058282818254149
100033010292948,1058287694920328,1058282818254149
100015255913208,1058284851587279,1058284034920694
100001101782377,1058534048229026,1058286201587144
100010915504281,1058517831563981,1058294078253023
100008808334302,1058534931562271,1058294078253023
100006330194524,1058319184917179,1058299191585845
100005842211183,1058339801581784,1058299191585845
100005842211183,1058339891581775,1058299191585845
100000122118300,1058303751585389,1058303028252128
100005897620509,1058305251585239,1058304648251966
100004050595650,1058435481572216,1058307228251708
100008674478388,1058438174905280,1058310144918083
100028146638188,1058257314923366,1058255371590227
100016765839570,1058276148254816,1058255581590206
100005653061779,1058256351590129,1058256031590161
100010813477046,1058265421589222,1058258288256602
100004080852778,1058506554898442,1058262178256213
100001161886661,1058540638228367,1058262178256213
100004080852778,1058541904894907,1058262178256213
100011365120010,1058341984914899,1058266178255813
100006048181293,1058269921588772,1058268968255534
100004241683983,1058286664920431,1058269041588860
100005715647322,1058410248241406,1058269041588860
100002829837784,1058549791560785,1058239421591822
1773541424,1058553158227115,1058239421591822
100002829837784,1058558031559961,1058239421591822
1773541424,1058558368226594,1058239421591822
100004625462670,1058693974879700,1058241144924983
100005086298351,1058248294924268,1058242708258160
100012977953742,1058432618239169,1058243998258031
100006737797436,1058432924905805,1058243998258031
100005893595817,1058246874924410,1058244024924695
100001382156554,1058275248254906,1058245534924544
100018452520735,1058341698248261,1058245681591196
100005808431599,1058251618257269,1058251224923975
100040157731565,1058251811590583,1058251224923975
100004781776680,1058252271590537,1058252071590557
100001460707048,1058313018251129,1058252374923860
100000313172154,1058333041582460,1058252374923860
100013889656957,1058348801580884,1058252374923860
100000313172154,1058366261579138,1058252374923860
100008976645559,1058264381589326,1058254121590352
100022849230388,1138892540193176,1138891876859909
100040381669841,1138915273524236,1138907826858314
100003151415482,1139028586846238,1139028286846268
100009291693825,1139063920176038,1139059583509805
100000204156769,862562241159542,862561934492906
100017695176218,862626561153110,862626317819801
100012071891976,862662001149566,862661651149601
100028977103613,862945947787838,862661651149601
100020808844252,864249660990800,864249490990817
100028590047214,864249810990785,864249490990817
100002877048389,864328877649545,864327217649711
100043880073430,1139057570176673,1139056073510156
100011359835335,862061484542951,862057064543393
100025000723514,862068227875610,862057064543393
100035319333677,862246777857755,862245061191260
100009556285284,862275074521592,862245061191260
100006519470591,862289334520166,862245061191260
100015177372524,862335214515578,862334107849022
100019513326371,862384034510696,862339127848520
100006485404154,861987911216975,861932131222553
100015944164152,861988897883543,861932131222553
100001648726847,862014581214308,862011414547958
100003265524612,862016404547459,862011414547958
100027381948133,862033514545748,862032721212494
100027381948133,862033704545729,862032721212494
100006951420515,862235114525588,862036534545446
100006899585788,862312344517865,862036534545446
100006951420515,862362751179491,862036534545446
100009799143573,861784031237363,861782281237538
100039142573512,862009067881526,861788757903557
100013838559186,861795834569516,861792361236530
100013838559186,861796111236155,861792361236530
100022440481704,861796984569401,861792361236530
100013838559186,861802464568853,861792361236530
100022440481704,861804224568677,861792361236530
100013838559186,861805937901839,861792361236530
100006486615121,861879474561152,861809844568115
100009104981619,861880317894401,861809844568115
100009104981619,861880644561035,861809844568115
100006486615121,861882204560879,861809844568115
100009104981619,861883214560778,861809844568115
100004472345931,861829221232844,861819911233775
1417943279,861825037899929,861824231233343
100000196656067,861831237899309,861824231233343
1417943279,861831691232597,861824231233343
100000196656067,861832314565868,861824231233343
100008653327360,861843754564724,861827171233049
100007269167345,861844201231346,861827171233049
100008653327360,861844864564613,861827171233049
100021411833613,861854077897025,861852471230519
100005823871076,861870854562014,861867157895717
100008621742905,861862314562868,861748267907606
100014138743881,861761254572974,861752161240550
100013415611319,861767891238977,861752161240550
100008387468143,861831287899304,861755857906847
100007059125998,861855727896860,861755857906847
100004684567013,861868741228892,861761734572926
100011101361212,861869031228863,861761734572926
100004684567013,861944181221348,861761734572926
100006517326446,861763137906119,861762174572882
100051983289546,861914991224267,861766614572438
100011969560413,861941961221570,861766614572438
100012512947525,861770317905401,861768541238912
100004737106900,861770634572036,861768541238912
100010864058493,861770677905365,861768541238912
100004737106900,861770794572020,861768541238912
100010864058493,861771091238657,861768541238912
100004737106900,861771834571916,861768541238912
100008207882223,861782351237531,861778921237874
100011758095755,861737144575385,861719437910489
100007050287203,861723207910112,861722011243565
100023417688862,861789267903506,861722011243565
100008278987594,861790767903356,861724534576646
100015720916583,861770724572027,861729474576152
100028924176323,861740937908339,861737994575300
100047488221449,861781377904295,861738844575215
100035689954533,861781654570934,861738844575215
100047488221449,861786791237087,861738844575215
100004582565454,861941114554988,861739377908495
100016274883770,861817134567386,861709197911513
100014984737995,861724984576601,861709341244832
100014842030189,861753724573727,861709341244832
100014984737995,861754417906991,861709341244832
100014842030189,861756807906752,861709341244832
100014984737995,861756994573400,861709341244832
100015663828268,861763057906127,861709601244806
100005472909042,861760851239681,861709767911456
100036602004376,861734837908949,861710157911417
100021500700957,861990634550036,861711731244593
100008482053051,862334234515676,861711731244593
100028766324158,861713871244379,861712737911159
100033371233443,861715834577516,861713181244448
100050286791761,861722421243524,861714577910975
100006748026526,861721144576985,861715301244236
100004005947076,861722934576806,861715301244236
100051334620153,861740341241732,861719154577184
100015427265608,861696317912801,861693317913101
100050666179447,861697711245995,861694364579663
100046264004422,861698584579241,861694364579663
100050666179447,861702854578814,861694364579663
100046264004422,861730087909424,861694364579663
100003812417539,861767917905641,861695431246223
100016634880317,861699751245791,861699697912463
100008957617867,861704527911980,861702307912202
100004560373805,861707304578369,861704921245274
100011501420857,861710207911412,861707281245038
100004937190531,861717991243967,861707281245038
100011501420857,861798947902538,861707281245038
100004937190531,861808654568234,861707281245038
100047243915611,861707797911653,861707744578325
100038014531440,861749897907443,861707744578325
100008698808105,862554344493665,861683084580791
100010966247493,861704447911988,861683111247455
100003703834637,861704841245282,861683111247455
100010966247493,861705697911863,861683111247455
100003703834637,861708781244888,861683111247455
100005080801682,861718124577287,861687457913687
100009654969386,861688147913618,861687464580353
100008818777405,861750661240700,861687901246976
100028681753000,862050077877425,861688377913595
100005866023186,861693921246374,861690337913399
100051932539971,861694197913013,861690337913399
100051932539971,861694247913008,861690337913399
100005866023186,861698214579278,861690337913399
100051932539971,861698704579229,861690337913399
100004779729158,861693817913051,861690341246732
100004534867689,861697664579333,861690341246732
100052208072794,861692191246547,861691987913234
100009201180178,861692674579832,861691987913234
100052208072794,861692971246469,861691987913234
100009201180178,861693704579729,861691987913234
100052208072794,861695344579565,861691987913234
100018917208457,861682451247521,861681204580979
100013071432915,861758701239896,861681204580979
100006312274995,861687251247041,861682754580824
100010954741979,861691784579921,861682754580824
100056999140697,1130734584342305,1130030091079421
100010622175983,1135870147162082,1135848223830941
100015423573368,1095057861243311,1095055331243564
100004570510791,1095062497909514,1095055331243564
100015423573368,1095071674575263,1095055331243564
100053756405802,1102093803873050,1099446884137742
100005417055857,1103455877070176,1103283683754062
100003194770593,1085500178865746,1085496822199415
100055958449892,1085806118835152,1085761135506317
100067700747337,1086352318780532,1085761135506317
100068446232154,1087000895382341,1086963565386074
100005170053838,1088191328596631,1088179858597778
100068446232154,1089427615139669,1089391771809920
100068446232154,1090042851744812,1089410898474674
100003722281766,1089479191801178,1089478938467870
100067700747337,1079162119499552,1078576036224827
100068446232154,1080509706031460,1079816082767489
100055184620418,1081838865898544,1079816082767489
100068446232154,1081870539228710,1079816082767489
100055184620418,1082403995842031,1079816082767489
100068446232154,1083031942445903,1079816082767489
100008529849278,1080696722679425,1080638116018619
100068446232154,1081140692635028,1081103175972113
100067700747337,1081233622625735,1081214279294336
100065291080356,1081791392569958,1081214279294336
100068446232154,1081870619228702,1081860632563034
100067700747337,1082445049171259,1082429315839499
100068446232154,1083742135708217,1083646599051104
100055958449892,1084199075662523,1083646599051104
100055958449892,1084301542318943,1083646599051104
100068446232154,1087001982048899,1083646599051104
100067700747337,1084931165589314,1084354428980321
100065291080356,1084949895587441,1084354428980321
100068446232154,1085676635514767,1084382385644192
100055958449892,1085805752168522,1084382385644192
100068446232154,1087000855382345,1084382385644192
100006350411356,1074708326611598,1074678516614579
100004291877589,1075137259902038,1075134293235668
100012775921545,1075141403234957,1075134293235668
100067700747337,1075969599818804,1075276953221402
100068446232154,1076656229750141,1075276953221402
100067700747337,1077273889688375,1075276953221402
100068446232154,1077275273021570,1075276953221402
100067700747337,1078550989560665,1075276953221402
100068446232154,1078552542893843,1075276953221402
100067700747337,1079161932832904,1075276953221402
100068446232154,1075917123157385,1075318689883895
100003343440968,1075765099839254,1075744486507982
100003283880066,1075768186505612,1075744486507982
100002767939672,1075795049836259,1075744486507982
100068446232154,1076656159750148,1076614746420956
100055184620418,1079815626100868,1076614746420956
100068446232154,1080509526031478,1076614746420956
100055184620418,1081838902565207,1076614746420956
100068446232154,1083744002374697,1076614746420956
100001222875842,1077252966357134,1077248196357611
100065291080356,1077280749687689,1077274173021680
100067700747337,1078552332893864,1077274173021680
100065291080356,1078592936223137,1077274173021680
100067700747337,1079149742834123,1077274173021680
100065291080356,1079204246162006,1077274173021680
100067700747337,1080503086032122,1077274173021680
100068446232154,1077952672953830,1077361013012996
100065291080356,1077962632952834,1077957059620058
100001830457993,1073367250079039,1073366106745820
100000311328391,1073375730078191,1073372410078523
100001678021916,1073405880075176,1073372410078523
100007706894586,1073864853362612,1073849130030851
100006963152081,1073880230027741,1073849130030851
100015597856556,1074107650004999,1073849130030851
100007706894586,1074306273318470,1073849130030851
100001480958333,1073920796690351,1073897070026057
100011637439541,1073935130022251,1073913126691118
100006514215733,1073964976685933,1073913126691118
100021928102312,1074452726637158,1073979756684455
100004927812509,1073995626682868,1073991840016580
100030860929457,1074072896675141,1074047433344354
100003771009065,1074090053340092,1074076850008079
100008534255575,1074091160006648,1074076850008079
100003771009065,1074091613339936,1074076850008079
100008534255575,1074094146673016,1074076850008079
100050900010682,1074327943316303,1074258116656619
100016060907612,1074411309974633,1074410276641403
100034938706323,1074414379974326,1074410276641403
100004066860955,1072782923470805,1072738010141963
100041198191098,1073041916778239,1072838666798564
100020479363847,1073004833448614,1072970196785411
100027196211055,1073047903444307,1072970196785411
100020479363847,1073055403443557,1072970196785411
100011809410343,1073023860113378,1073023656780065
100008934009722,1073056826776748,1073023656780065
100008934009722,1073056850110079,1073023656780065
100020479363847,1073054840110280,1073031316779299
100004931468738,1073097946772636,1073031316779299
100020479363847,1073141406768290,1073031316779299
100004931468738,1073163396766091,1073031316779299
100066263174960,1073032490112515,1073031793445918
100018356387539,1073110013438096,1073108340104930
100005086484844,1073140013435096,1073135300102234
100009718156736,1073166063432491,1073153100100454
100061588570417,1073175266764904,1073153100100454
100009718156736,1073177426764688,1073153100100454
100004485065797,1073176116764819,1073174686764962
100004605880938,1073256656756765,1073202380095526
100005547461173,1073267336755697,1073202380095526
100004766021746,1073231863425911,1073220770093687
100009321839376,1073419720073792,1073228443426253
100005857625895,1073244330091331,1073235610092203
100067700747337,1073248833424214,1073238096758621
100055958449892,1073254320090332,1073238096758621
100068446232154,1074509796631451,1073238096758621
100007572309356,1073375060078258,1073339576748473
100002454481763,1073375486744882,1073339576748473
100007572309356,1073376686744762,1073339576748473
100002454481763,1073386853410412,1073339576748473
100007572309356,1073387733410324,1073339576748473
100007572309356,1073388270076937,1073339576748473
100002454481763,1073388873410210,1073339576748473
100007572309356,1073389410076823,1073339576748473
100002454481763,1073390953410002,1073339576748473
100002454481763,1073391850076579,1073339576748473
100010830930498,1073723716710059,1073356126746818
100051746212303,1072571210158643,1072570300158734
100008458699370,1072573960158368,1072572156825215
100000252738297,1072606333488464,1072575250158239
100005464003632,1072606433488454,1072575250158239
100001830457993,1072604970155267,1072592470156517
100009375945537,1072606363488461,1072604476821983
100018358891933,1073387796743651,1072608813488216
100004556023767,1073388633410234,1072608813488216
100018358891933,1075363096546121,1072608813488216
100007226531689,1072629153486182,1072628626819568
100007226531689,1072630306819400,1072628626819568
100048517130402,1072630996819331,1072628626819568
100007226531689,1072631306819300,1072628626819568
100003108360139,1072674446814986,1072634706818960
100007334950475,1072734680142296,1072649353484162
100010007527563,1072993273449770,1072649353484162
100009462785127,1072658230149941,1072655496816881
100025457928171,1072717426810688,1072665816815849
100000849777437,1072741053474992,1072665816815849
100009473291784,1072669520148812,1072667956815635
100012340293279,1072670730148691,1072667956815635
100009473291784,1072671893481908,1072667956815635
100012340293279,1072672156815215,1072667956815635
100012989227487,1072697723479325,1072677843481313
100006223454444,1072926036789827,1072677843481313
100012989227487,1072938490121915,1072677843481313
100006223454444,1072940850121679,1072677843481313
100012989227487,1072971803451917,1072677843481313
100004358620012,1072699933479104,1072699166812514
100013793316484,1072718706810560,1072716330144131
100005284801391,1072719630143801,1072716330144131
100013793316484,1072722310143533,1072716330144131
100005284801391,1072946476787783,1072716330144131
100008876500642,1072544600161304,1072516483497449
100008107414188,1072523153496782,1072517510164013
100050915830735,1072529626829468,1072517510164013
100013109682128,1072573483491749,1072532760162488
100005887806862,1072584830157281,1072532760162488
100013109682128,1072588050156959,1072532760162488
100048648785129,1072561020159662,1072534970162267
100013776131125,1072538240161940,1072536610162103
1592452867,1072538820161882,1072536610162103
100013776131125,1072541566828274,1072536610162103
100010161378912,1072539410161823,1072538460161918
100023488024161,1072539633495134,1072538460161918
100010161378912,1072539866828444,1072538460161918
100023488024161,1072541186828312,1072538460161918
100056301847131,1072651726817258,1072548466827584
100016891875020,1072551650160599,1072548500160914
100005871430496,1072556980160066,1072554890160275
100006474331941,1072557663493331,1072554890160275
100009832841332,1072588063490291,1072554890160275
100028743277692,1072565536825877,1072565220159242
100028719785149,1072615346820896,1072565220159242
100009378764491,1072507413498356,1072500603499037
100004298776147,1072512106831220,1072500603499037
100003940329778,1072518813497216,1072500603499037
100004298776147,1072566733492424,1072500603499037
100006134173726,1072506563498441,1072501083498989
100008408655394,1072501870165577,1072501596832271
100021899912254,1072505353498562,1072501596832271
100000946009924,1072669203482177,1072501596832271
100009479395420,1094482254634205,1072502250165539
100024865731544,1072514800164284,1072502500165514
100010615694131,1072504393498658,1072503556832075
100012733623463,1072504763498621,1072503556832075
100002804779915,1072526703496427,1072504120165352
100008420895579,1072599306822500,1072504120165352
100007206675662,1072515993497498,1072504190165345
100029016480802,1072573226825108,1072504190165345
100026462075062,1072574240158340,1072504190165345
100026462075062,1072574350158329,1072504190165345
100029016480802,1072575663491531,1072504190165345
100026462075062,1072576530158111,1072504190165345
100007206675662,1072577713491326,1072504190165345
100029016480802,1072578710157893,1072504190165345
100070429634186,1072550326827398,1072504880165276
100003223705145,1072508090164955,1072505083498589
100011769848535,1072512080164556,1072505293498568
100028095035412,1072513470164417,1072505293498568
100011769848535,1072711180144646,1072505293498568
100009523483680,1072508210164943,1072505563498541
100008225707794,1072508510164913,1072505563498541
100009523483680,1072510626831368,1072505563498541
100002654778778,1072527183496379,1072508586831572
100005304133338,1072515526830878,1072508713498226
100042316634807,1072509150164849,1072508876831543
100008172573828,1072512286831202,1072510306831400
100011807855517,1072517790163985,1072511390164625
100010792862401,1072585490157215,1072511530164611
100006048549507,1072640276818403,1072511530164611
100010792862401,1072640783485019,1072511530164611
100001228279711,1072537093495388,1072511646831266
100004243870719,1072694560146308,1072512560164508
100001363910054,1072544776827953,1072513243497773
100018204575102,1072517650163999,1072513843497713
100004803559414,1072520163497081,1072513843497713
100022677723896,1072542733494824,1072516093497488
100002649142997,1072546713494426,1072516093497488
100022677723896,1072547826827648,1072516093497488
100002905083550,1072520376830393,1072516376830793
100006595183543,1072492220166542,1072491810166583
100007747749099,1072492086833222,1072491840166580
100012011025304,1072577343491363,1072493153499782
100008582830728,1072495400166224,1072493356833095
100004299279227,1072510650164699,1072493440166420
100011378382001,1072494916832939,1072494090166355
100013563787283,1072507733498324,1072494090166355
100006402462430,1072496210166143,1072494216833009
100025250387526,1072496726832758,1072494216833009
100006402462430,1072500270165737,1072494216833009
100025250387526,1072501026832328,1072494216833009
100006402462430,1072506703498427,1072494216833009
100002948142636,1072649833484114,1072495346832896
100007005276125,1072535003495597,1072495643499533
100000181941350,1072505073498590,1072495793499518
100012303763190,1072506336831797,1072495793499518
100000181941350,1072507053498392,1072495793499518
100012303763190,1072507313498366,1072495793499518
100000181941350,1072507670164997,1072495793499518
100003113806354,1072496446832786,1072495990166165
100004098225141,1072497200166044,1072496546832776
100007457026697,1072513786831052,1072488216833609
100001508988920,1072514100164354,1072488216833609
100007457026697,1072514953497602,1072488216833609
100001830457993,1072491450166619,1072491343499963
100004159363804,1072493586833072,1072491343499963
752938109,1072492010166563,1072491420166622
100009242937901,1138251923590571,1138233196925777
100011864453453,1138252253590538,1138233196925777
100009242937901,1138252396923857,1138233196925777
100016819593548,1138275056921591,1138274583588305
100018361602926,1138275290254901,1138274583588305
100033703687652,1138278310254599,1138274583588305
100018361602926,1138278433587920,1138274583588305
100009750960269,1138325040249926,1138274583588305
100018361602926,1138325470249883,1138274583588305
100008037191984,1138358873579876,1138323956916701
100009760756509,1138388526910244,1138386573577106
100036384712816,1138388733576890,1138386573577106
100004370981480,1138498603565903,1138481813567582
100003496753903,1138499013565862,1138481813567582
100004370981480,1138504450231985,1138481813567582
100003975893565,1138511106897986,1138503086898788
100004186939084,1138513203564443,1138503086898788
100003975893565,1138513300231100,1138503086898788
100011219974037,1138551350227295,1138530306896066
100011194720603,1138551690227261,1138530306896066
100010573188001,1138544590227971,1138541566894940
100056714257756,1138545750227855,1138541566894940
100010573188001,1138551296893967,1138541566894940
100010573188001,1138551676893929,1138541566894940
100010573188001,1138551873560576,1138541566894940
100056714257756,1138555930226837,1138541566894940
100010573188001,1138595883556175,1138541566894940
100010573188001,1138595993556164,1138541566894940
100012568519039,1138647783550985,1138615113554252
100007319797934,1138658976883199,1138658716883225
100003348585167,1139054260177004,1139003243515439
100033827838448,1137924736956623,1137916536957443
100006381396947,1137932510289179,1137916536957443
100033827838448,1137933356955761,1137916536957443
100015597856556,1137989223616841,1137939756955121
100007706894586,1137996820282748,1137939756955121
100019014558834,1137959760286454,1137941656954931
100009750763243,1138007226948374,1137941656954931
100019014558834,1138504263565337,1137941656954931
100008156089412,1137988120283618,1137949163620847
100005977305534,1137976006951496,1137973073618456
100005977305534,1137976136951483,1137973073618456
100024587644711,1137976310284799,1137973073618456
100007489838932,1137978336951263,1137977130284717
100006136127156,1137978766951220,1137977130284717
100007489838932,1137981530284277,1137977130284717
100071055876443,1137994156949681,1137993056949791
100072952556743,1137994773616286,1137993056949791
100071055876443,1138002063615557,1137993056949791
100006884118921,1138016413614122,1138013636947733
100074223851594,1138016620280768,1138013636947733
100055639867618,1138159216933175,1138013636947733
100028977877055,1138140596935037,1138025666946530
100056369948338,1138218453593918,1138025666946530
100001121865631,1138044386944658,1138043860278044
100004829670235,1138045183611245,1138043860278044
100001121865631,1138050260277404,1138043860278044
100004829670235,1138345016914595,1138043860278044
100001121865631,1138345496914547,1138043860278044
100012129017489,1138244433591320,1138066963609067
100006742204312,1138260143589749,1138066963609067
100024782385162,1138182190264211,1138181570264273
100015019038681,1138182360264194,1138181570264273
100024782385162,1138182896930807,1138181570264273
100015019038681,1138186913597072,1138181570264273
100018612521139,1138425560239874,1137811286967968
100017144644673,1138427916906305,1137811286967968
100010153119552,1137917263624037,1137813620301068
1134157532,1137819043633859,1137816970300733
100006083586967,1137834033632360,1137828556966241
100008841816777,1137865176962579,1137851460297284
100025227906954,1137866890295741,1137851460297284
100008841816777,1137869610295469,1137851460297284
100000147163114,1137882816960815,1137861953629568
100005803172358,1137889953626768,1137861953629568
100000147163114,1137890116960085,1137861953629568
100021492220082,1137875906961506,1137869456962151
100057732320133,1137876406961456,1137869456962151
100040270909250,1137885226960574,1137875133628250
100008129595554,1137904056958691,1137886813627082
100006103363832,1137899736959123,1137899033625860
100056934571704,1137693906979706,1137683193647444
100026370360263,1137711316977965,1137683193647444
100024015555427,1137834880298942,1137709746978122
100006679159440,1137714113644352,1137713510311079
100007189154307,1137724400309990,1137714590310971
100006858394965,1137748096974287,1137721096976987
100047631429469,1137765070305923,1137728590309571
100006215976096,1137776480304782,1137728590309571
100016933037554,1137742016974895,1137740243641739
100007000093670,1137746890307741,1137740363641727
100009164171489,1137747223641041,1137740363641727
100007000093670,1137747630307667,1137740363641727
100014689334021,1137768876972209,1137740700308360
100009589149950,1137800370302393,1137740700308360
100014689334021,1137837450298685,1137740700308360
100008355302844,1138366390245791,1138351840247246
100006464410202,1138366746912422,1138351840247246
100058444912176,1138374276911669,1138366400245790
100006347431569,1138442073571556,1138367426912354
100006909760703,1138443376904759,1138367426912354
100004159363804,1138367973578966,1138367840245646
100003145793225,1138576396891457,1138367840245646
100005325572566,1138384630243967,1138384266910670
100009345620511,1138424530239977,1138414796907617
100024408762299,1138425253573238,1138414796907617
100009345620511,1138425463573217,1138414796907617
100007397029254,1138429750239455,1138427096906387
100004639994845,1138537840228646,1138484370233993
100022469414929,1138729766876120,1138534256895671
100007239393525,1138832476865849,1138534256895671
100022469414929,1138837326865364,1138534256895671
100007239393525,1138838086865288,1138534256895671
100011221835094,1139052763510487,1139049746844122
100009381064408,1138372500245180,1138323680250062
100010933784851,1137037693711994,1137032507045846
100004429114974,1137033123712451,1137032870379143
100024617766692,1137037083712055,1137035657045531
100060849614816,1137875423628221,1137869486962148
100039768862181,1137732953642468,1137727523643011
100009762735926,1137810946968002,1137810640301366
100007383604813,1137811723634591,1137810640301366
100001058278711,1135138350568595,1135074803908283
100069716591559,1135708633844900,1135093783906385
100001163086262,1135903633825400,1135093783906385
100069716591559,1136016810480749,1135093783906385
100013190071465,1135145570567873,1135118340570596
100005080801682,1135145760567854,1135118340570596
100010150806575,1135676953848068,1135675557181541
100000378676804,1135901273825636,1135896290492801
100005911262563,1136355463780217,1136350797114017
100000263360412,1138930196856077,1138920593523704
100002634225474,1138941410188289,1138920593523704
100003223721859,1134658047283292,1134655240616906
100000678352052,1134670027282094,1134655240616906
100006531253919,1134975447251552,1134677233948040
100077749117459,1134681780614252,1134680597281037
100004848587502,1134692310613199,1134687873946976
100006277680883,1134788793936884,1134709273944836
100010391081117,1135099953905768,1134709273944836
100005940251590,1135107560571674,1134709273944836
100006545670425,1134777273938036,1134767660605664
100000977210661,1134787547270342,1134767660605664
100006545670425,1134787777270319,1134767660605664
100021813879772,1135025683913195,1134780617271035
100024680946429,1134822363933527,1134809880601442
100013188060155,1135041340578296,1134817167267380
100004341406596,1135234290559001,1134868157262281
100022015480837,1134631063952657,1134593540623076
100006465742419,1134598927289204,1134598513955912
100004246172734,1134684570613973,1134607093955054
100001492616263,1134611153954648,1134609973954766
100004607201846,1134641097284987,1134609973954766
100008011570999,1134628050619625,1134617947287302
100011325041474,1134643877284709,1134617947287302
100008011570999,1134646960617734,1134617947287302
100011325041474,1134647183951045,1134617947287302
100008011570999,1134648330617597,1134617947287302
100011325041474,1134648590617571,1134617947287302
100007224046034,1134724547276642,1134621870620243
100040290203331,1134628173952946,1134626597286437
100005377054308,1134631740619256,1134631410619289
100005377054308,1134631767285920,1134631410619289
100004459158822,1134648987284198,1134631410619289
100005377054308,1134649490617481,1134631410619289
100004459158822,1134694027279694,1134631410619289
100005377054308,1135008790581551,1134631410619289
100000569023805,1134647713950992,1134642117284885
100068260563116,1134645850617845,1134642207284876
100014866186656,1134650173950746,1134642207284876
100068260563116,1134651590617271,1134642207284876
100006274693687,1134815383934225,1134645820617848
100009607157600,1134689397280157,1134651300617300
100011516704740,1134693577279739,1134651300617300
100009381064408,1134568957292201,1134568750625555
100004664730302,1134581183957645,1134570140625416
100003308730460,1134584973957266,1134584573957306
100025712736134,1134585727290524,1134585587290538
100023850354300,1134585873957176,1134585587290538
100040621982783,1134723347276762,1134592157289881
100001595911362,1134775953938168,1134592157289881
100002839338285,1135000847249012,1134592157289881
100008629746614,1138448780237552,1138443490238081
100044124882199,1138536463562117,1138516796897417
100005738049731,1138528700229560,1138528246896272
100010853464597,1137277813687982,1137276480354782
100004225458907,1137295513686212,1137278153687948
100003943192890,1137295870352843,1137278153687948
100004709532989,1138377823577981,1138336976915399
100025589033316,1138391143576649,1138388356910261
100033952643028,1138950150187415,1138937683521995
100023119261051,1061144457967985,1061144021301362
100009051384484,1061972207885210,1061923464556751
100070098522857,1061978514551246,1061923464556751
100009051384484,1064285464320551,1061923464556751
100070098522857,1064655947616836,1061923464556751
100026638538965,1062514687830962,1062511491164615
100070040452973,1068735383875559,1068725593876538
100000049096998,1077189559696808,1077185666363864
100007581218593,1077995332949564,1077992506283180
100004111427137,1077995662949531,1077992506283180
100004111427137,1077995766282854,1077992506283180
100021573397173,1077999412949156,1077992506283180
100008945852177,1078029436279487,1077992506283180
100004111427137,1078087176273713,1077992506283180
100011117285931,1077997249616039,1077993456283085
100011117285931,1078000462949051,1077993456283085
100014746863817,1078013649614399,1077993456283085
100074892578378,1078028636279567,1077999776282453
100017941932764,1078035362945561,1077999776282453
100013056180047,1079831609432603,1078007252948372
100002852123080,1079885482760549,1078007252948372
100013056180047,1079942289421535,1078007252948372
100004587542920,1060462621369502,1060455818036849
100003071609299,1060463191369445,1060455818036849
100022336024046,1060509194698178,1060507808031650
100064937468700,1060511158031315,1060507808031650
100006589054055,1060534261362338,1060509078031523
100013550959637,1060537674695330,1060509078031523
100023547398900,1060530188029412,1060529924696105
100004105599996,1060547444694353,1060541078028323
100004882864861,1060547511361013,1060547341361030
100001453010035,1060547698027661,1060547341361030
100000581794175,1060557254693372,1060550874694010
100012117039878,1060672861348478,1060648844684213
100054254884984,1060665681349196,1060655411350223
100005382511272,1060660694683028,1060659334683164
100011593776433,1060786688003762,1060781048004326
100008096796456,1060788921336872,1060781048004326
100011593776433,1060804964668601,1060781048004326
100008096796456,1060805121335252,1060781048004326
100003393430919,1061074091308355,1060875864661511
100007254401613,1060479971367767,1060215654727532
100003097598257,1060491401366624,1060215654727532
100014269230294,1060220088060422,1060216918060739
100015446473500,1060220271393737,1060216918060739
100014269230294,1060220861393678,1060216918060739
100015446473500,1060221468060284,1060216918060739
1150051716,1060603294688768,1060216921394072
100006532984551,1060222831393481,1060221708060260
100029257026625,1060227441393020,1060221708060260
100008586932376,1060565988025832,1060223911393373
100018196482287,1060614748020956,1060223911393373
100007340147136,1060236008058830,1060225504726547
100007233129031,1060234351392329,1060234041392360
100016318726117,1060435481372216,1060236944725403
100022099158380,1060261124722985,1060260954723002
100005988557525,1060269281388836,1060269051388859
100010939214860,1060501698032261,1060382888044142
100003304303125,1060485491367215,1060420561373708
100014273071185,1060449514704146,1060442474704850
100007432096552,1060468521368912,1060454028037028
100053068454150,1060476011368163,1060209048061526
100008185621299,1060210664728031,1060210161394748
100008185621299,1060210724728025,1060210161394748
100010013103039,1060212338061197,1060210161394748
100008185621299,1060213428061088,1060210161394748
100008185621299,1060213451394419,1060210161394748
100010013103039,1060214028061028,1060210161394748
100010013103039,1060211881394576,1060210324728065
100029549933164,1060217238060707,1060210324728065
100007188072116,1134623143953449,1134620497287047
100009963577190,1134640083951755,1134620497287047
100009161210068,1134645343951229,1134638253951938
100006119196775,1134647410617689,1134638253951938
100012580200129,1134648830617547,1134641423951621
100056365067298,1134674387281658,1134641423951621
100008022787938,1134698627279234,1134649067284190
100006340152229,1134715560610874,1134649067284190
100027048706872,1134687497280347,1134667720615658
100001370823529,1134736127275484,1134723593943404
100005052995432,1135649757184121,1134723593943404
100024564444221,1134741850608245,1134725870609843
100000018624361,1134742767274820,1134725870609843
100014831025275,1134763597272737,1134761820606248
100015406067426,1134800850602345,1134764497272647
100005145971611,1134840103931753,1134764497272647
100055194547369,1134980223917741,1134890033926760
100003948535590,1134994377249659,1134992207249876
100006837184435,1134995007249596,1134992207249876
100000697967612,1135067810575649,1135015097247587
100006459929667,1135059453909818,1135048150577615
100003471592150,1135089143906849,1135048150577615
100003471592150,1135089180573512,1135048150577615
100006459929667,1135089310573499,1135048150577615
100013579966143,1135125150569915,1135089860573444
100005981530160,1135131270569303,1135089860573444
100021611379306,1135123797236717,1135123473903416
100008585654172,1135124493903314,1135123473903416
100004773751106,1135379793877784,1135296133886150
100067773698834,1138975086851588,1136853253730438
100013228209555,1134611223954641,1134545133961250
100009398764759,1134632000619230,1134545133961250
100005700582964,1134553627293734,1134547940627636
781279580,1134554193960344,1134547940627636
100005700582964,1134596200622810,1134547940627636
100018392020642,1136960863719677,1134553607293736
100012535086597,1136966180385812,1134553607293736
100006418207963,1134632693952494,1134571900625240
100005970253754,1134633470619083,1134571900625240
100000192280778,1134573897291707,1134572580625172
100000082625700,1134574600624970,1134572580625172
100000192280778,1134575187291578,1134572580625172
100010569406353,1134625110619919,1134597467289350
100037007833927,1134601210622309,1134601007288996
100004858603239,1134601597288937,1134601007288996
100051656160118,1134528393962924,1134516830630747
100004246172734,1134560297293067,1134516933964070
100001691987580,1134532037295893,1134519320630498
100003953965155,1134527520629678,1134524043963359
100004013172089,1134528003962963,1134524043963359
100034817880082,1134550793960684,1134526587296438
100024649655815,1134609817288115,1134527857296311
100009841217829,1134676347281462,1134527857296311
100017703699603,1134529713962792,1134528747296222
100013077258639,1134530650629365,1134528747296222
100057205834368,1134568133958950,1134529763962787
100005664585566,1134603747288722,1134529763962787
100014577614464,1134580117291085,1134532120629218
100008113038873,1134540940628336,1134538480628582
100015198107224,1134541127294984,1134538480628582
100008113038873,1134541373961626,1134538480628582
100015198107224,1134541663961597,1134538480628582
100001522184556,1134545460627884,1134540790628351
100003935785541,1134545663961197,1134540790628351
100013578043408,1134542480628182,1134541990628231
100058148514544,1134549490627481,1134543237294773
100021511343822,1134562560626174,1134543237294773
100003626108368,1134501057298991,1134499083965855
100003626108368,1134501480632282,1134499083965855
100034827584545,1134500140632416,1134499850632445
100051027692290,1134500450632385,1134499850632445
100010948689493,1134504627298634,1134499850632445
100051027692290,1134507630631667,1134499850632445
100002531067311,1134529910629439,1134501393965624
100005553459463,1134546567294440,1134501393965624
100002531067311,1134547447294352,1134501393965624
100012065294666,1134502170632213,1134501713965592
100055027784606,1134502890632141,1134501713965592
100022115113122,1134502833965480,1134502220632208
100011357124645,1134513073964456,1134505790631851
100003746844657,1134506710631759,1134505923965171
100000179865204,1134512500631180,1134512250631205
100003875063872,1134516580630772,1134513377297759
100043493825211,1134525733963190,1134513377297759
100003823616161,1134594393956324,1134513377297759
100043493825211,1134705620611868,1134513377297759
100028268754380,1134655793950184,1134515823964181
100066607968162,1134488870633543,1134479030634527
100006457449926,1134492193966544,1134479030634527
100009368717395,1134481547300942,1134481037300993
100003321664760,1134481967300900,1134481037300993
100009368717395,1134482360634194,1134481037300993
100055672686197,1134481483967615,1134481077300989
100048320611241,1134481790634251,1134481077300989
100005607456435,1134485523967211,1134482817300815
100026300952681,1134486580633772,1134482817300815
100009135601955,1135071847241912,1134483270634103
100022555306926,1134493620633068,1134483753967388
100005662629922,1134604110622019,1134485960633834
100004527527181,1134657083950055,1134485960633834
100034429423979,1134488540633576,1134487087300388
100033846901840,1134492587299838,1134487087300388
100034429423979,1134539313961832,1134487087300388
100003899223522,1134503193965444,1134488907300206
100007296994623,1134496770632753,1134490703966693
100010435036259,1134494977299599,1134492530633177
100024655726253,1134495940632836,1134494860632944
100043065332867,1134498840632546,1134494860632944
100024655726253,1134498983965865,1134494860632944
100043065332867,1134499133965850,1134494860632944
100024655726253,1134501803965583,1134494860632944
100043065332867,1134504863965277,1134494860632944
100024655726253,1134505620631868,1134494860632944
100043065332867,1134506993965064,1134494860632944
100024655726253,1134507193965044,1134494860632944
100009992267582,1134465817302515,1134465073969256
100009605540965,1134465593969204,1134465400635890
100008583012280,1134466003969163,1134465400635890
100009605540965,1134476827301414,1134465400635890
100054311575068,1134471347301962,1134466840635746
100003093190564,1134500933965670,1134470090635421
100009387022441,1134523497296747,1134470277302069
100058995282484,1134471863968577,1134470293968734
100038270854894,1134548897294207,1134470293968734
100029334935208,1134555203960243,1134470293968734
100008246113542,1134508703964893,1134471120635318
100007205561504,1134487367300360,1134472290635201
100003804589173,1134478310634599,1134472313968532
100004452450186,1134486957300401,1134472313968532
100003804589173,1134492563966507,1134472313968532
100010546934249,1134509933964770,1134472867301810
100002753217232,1134567160625714,1134472867301810
100010477927628,1134572543958509,1134472867301810
100004592379014,1134623923953371,1134472867301810
100017554278694,1134474260635004,1134473927301704
100000130867405,1134517317297365,1134474917301605
100011401606332,1134484920633938,1134475190634911
100039840551592,1134478950634535,1134475643968199
100012856608205,1134477187301378,1134476777301419
100004381773190,771663300249437,771658343583266
100004012516732,788441541904946,788424571906643
100007186355462,912679236147842,912608529488246
100004431433246,656774735071628,656774511738317
100014608393111,665597724189329,665384797543955
100007186355462,699107027505065,699102950838806
100013698391715,699163280832773,699111210837980
100003930001459,699230250826076,699229107492857
100041626462663,764214117661022,764175544331546
100008575574546,764236827658751,764175544331546
100041626462663,764237067658727,764175544331546
100011257952032,764222237660210,764219187660515
100030925140022,764227787659655,764219187660515
100013624658352,527220498027053,527218391360597
100007677858951,527352604680509,527226324693137
100007457026697,527278494687920,527278334687936
100007457026697,527278678021235,527278334687936
100005173086666,527279604687809,527278334687936
100007457026697,527279941354442,527278334687936
100004505566723,527284984687271,527282441354192
100005769881577,527289224686847,527282441354192
100007457026697,527360714679698,527360488013054
100008064606844,527390348010068,527390014676768
100004888481659,527390484676721,527390014676768
100007457026697,527663954649374,527663551316081
100013376656699,527664474649322,527663551316081
100007457026697,527665054649264,527663551316081
100013376656699,527665624649207,527663551316081
100001473798373,531848247564278,531731160909320
100001255455664,531849934230776,531731160909320
100003170483970,527151741367262,527150341367402
100007457026697,527154018033701,527150341367402
100007457026697,527152521367184,527151658033937
100003929428070,527180644697705,527158828033220
100010293210339,527167834698986,527159794699790
100010293210339,527167888032314,527159794699790
100033040746735,527169794698790,527159794699790
100010293210339,527170194698750,527159794699790
100033040746735,527213214694448,527159794699790
100010293210339,527225931359843,527159794699790
100007457026697,527273214688448,527209954694774
100018593230618,527307488018354,527209954694774
100039008196094,1134511753964588,1134493660633064
100034144203791,1134577017291395,1134505293965234
100006298998657,1134615490620881,1134505293965234
100010569459879,1134510827298014,1134509913964772
100006152131804,1134531733962590,1134516133964150
100009038392625,1134591417289955,1134575407291556
100005846076717,1134591647289932,1134575407291556
100009038392625,1134592120623218,1134575407291556
100005846076717,1134595650622865,1134575407291556
100009038392625,1134597923955971,1134575407291556
100010150806575,1135074923908271,1134852500597180
100002780260544,1135168430565587,1135144577234639
100004744470071,1135221997226897,1135144577234639
100006664093293,1135247650557665,1135144577234639
100010859290156,1135657907183306,1135348933880870
100018097579064,1135403733875390,1135356227213474
100034020556192,1135408393874924,1135356227213474
100013845277234,1135751303840633,1135503727198724
100025568415859,1134049500677480,1134022807346816
100009444620594,1134055250676905,1134034764012287
100054442844547,1134058937343203,1134034764012287
100025190619057,1134066894009074,1134065880675842
100026360178396,1134071810675249,1134065880675842
100071198021646,1134097864005977,1134097397339357
100022457438216,1134137307335366,1134111324004631
100005743309173,1134159080666522,1134124344003329
100031303242157,1134321470650283,1134301803985583
100040829333906,1134371690645261,1134319880650442
100048976410987,1134372513978512,1134319880650442
100040829333906,1134375417311555,1134319880650442
100048976410987,1134406643975099,1134319880650442
100008697917910,1135382357210861,1134331590649271
100041406435384,1134378457311251,1134349450647485
100007074753729,1134416290640801,1134405207308576
100004991947823,1134510280631402,1134405207308576
100001911387440,1134453177303779,1134431867305910
100004001012435,1134516277297469,1134431867305910
100018046124310,1134447750637655,1134436087305488
100017475048685,1134455337303563,1134436087305488
100007721078708,1133849660697464,1133848617364235
100004465005041,1133854560696974,1133854370696993
100015454833302,1133879404027823,1133857464030017
100006556023352,1133861000696330,1133859610696469
100010294208733,1134043417344755,1133861457362951
100006846662087,1134095040672926,1133864550695975
100006319184020,1134099480672482,1133864550695975
100048910611098,1133865374029226,1133865190695911
100003274214697,1133867430695687,1133866090695821
100008544575859,1133867660695664,1133866090695821
100003274214697,1133867940695636,1133866090695821
100008544575859,1133868417362255,1133866090695821
100006635504219,1133900974025666,1133867070695723
100004027939898,1133903517358745,1133867070695723
100006318521203,1133912070691223,1133868980695532
100010557723242,1133913850691045,1133868980695532
100012151657774,1133880127361084,1133871740695256
100010651061380,1133884590693971,1133875157361581
100006705616088,1133923884023375,1133889704026793
100006551320629,1133923034023460,1133921150690315
100007139406001,1134005560681874,1133995790682851
100007139406001,1134004714015292,1133995860682844
100031880480348,1134007004015063,1133995860682844
100011271601247,1134033237345773,1134017690680661
100010325082798,1133861777362919,1133798204035943
100004701945398,1133891414026622,1133798204035943
100010325082798,1133892787359818,1133798204035943
100010677041325,1134015534014210,1133798204035943
100010625941610,1133802387368858,1133798930702537
100007151583166,1133804397368657,1133801010702329
100005039013641,1133809554034808,1133801560702274
100010908425536,1133806314035132,1133804277368669
100048496118836,1133804794035284,1133804664035297
100053110032836,1133805317368565,1133804664035297
100048496118836,1133805664035197,1133804664035297
100000218354632,1133806560701774,1133805354035228
100014284989050,1133812800701150,1133805354035228
100000218354632,1133818267367270,1133805354035228
100014284989050,1133854040697026,1133805354035228
100005972799088,1133842740698156,1133811690701261
100041088489171,1133859514029812,1133811690701261
100005972799088,1133865324029231,1133811690701261
100011330061530,1133822144033549,1133817620700668
100009569223945,1133822240700206,1133817620700668
100011330061530,1133822310700199,1133817620700668
100015223694116,1133836827365414,1133834617365635
100044248334388,1133837964031967,1133834617365635
100020433225623,1133837250698705,1133836887365408
100005621194753,1133858794029884,1133842227364874
100001439235669,1098868477528916,1098868097528954
100030383707278,1131173520965078,1131172877631809
100019372298728,1138570026892094,1138557683559995
100015220562640,1009470953135336,1009470126468752
100017255405638,1009502806465484,1009496176466147
100006420521543,1009719816443783,1009719603110471
100004230282678,1009845759764522,1009720759777022
100000741734575,1009846486431116,1009720759777022
100007110078720,1009759849773113,1009730276442737
100020723079332,1009765309772567,1009759479773150
100067471279165,1009784539770644,1009759479773150
100010495539357,1009768883105543,1009759993106432
100007349261504,1010491269699971,1010491026366662
100002245779407,1010491689699929,1010491026366662
100007349261504,1010491973033234,1010491026366662
100002245779407,1010492279699870,1010491026366662
100007349261504,1010492813033150,1010491026366662
100002245779407,1010493223033109,1010491026366662
100007349261504,1010493703033061,1010491026366662
100015565866904,1010655506350214,1010630979686000
100007022805813,1011328249616273,1011314382950993
100054158944015,1011636649585433,1011633439585754
100026681626276,1138860133529750,1138859960196434
100008237794131,1009304613151970,1009302309818867
100015963752489,1009331549815943,1009311579817940
100002700473296,1009314163151015,1009312083151223
100041212219675,1009320573150374,1009312083151223
100002700473296,1009329749816123,1009312083151223
100041212219675,1009331553149276,1009312083151223
100011323921811,1009337313148700,1009312129817885
100025573132498,1009340679815030,1009312129817885
100007915870988,1009331209815977,1009314626484302
100033702038358,1009322836483481,1009322489816849
100009339244927,1009364916479273,1009358743146557
100049774864934,1009365409812557,1009358743146557
100012001423147,1009364249812673,1009361756479589
100040944170299,1009365149812583,1009361756479589
100002893742898,1009373086478456,1009367026479062
100004965904458,1009385393143892,1009384009810697
100052030039623,1009399219809176,1009384009810697
100006643596517,1009391073143324,1009384456477319
100010999965519,1009389079810190,1009388269810271
100007342776550,1009389776476787,1009388269810271
100010999965519,1009389986476766,1009388269810271
100048644596017,1009397939809304,1009394573142974
100012291631437,1009717793110652,1009399539809144
100006881082838,1009420219807076,1009404643141967
100005403366264,1009421329806965,1009404643141967
100025389638787,1009436279805470,1009424399806658
1695292321,1009253293157102,1009246096491155
100033037563912,1009611979787900,1009250633157368
100066738253839,1009251889823909,1009251279823970
100071255790296,1009253169823781,1009251279823970
100004244825695,1009258836489881,1009252833157148
100006570705354,1009725726443192,1009252833157148
100005761982190,1009264993155932,1009254506490314
100019014301644,1009286866487078,1009257043156727
100013467919227,1009297013152730,1009257043156727
100008143202005,1009272553155176,1009259796489785
100005983391755,1009264133156018,1009263596489405
100003943192890,1009264409822657,1009263596489405
100005983391755,1009264759822622,1009263596489405
100003014845572,1009267549822343,1009267299822368
100002875942963,1009267876488977,1009267299822368
100003014845572,1009268076488957,1009267299822368
100002875942963,1009268273155604,1009267299822368
100016757372240,1009285723153859,1009267479822350
100016757372240,1009285739820524,1009267479822350
100016757372240,1009285816487183,1009267479822350
100029274762371,1009297776485987,1009267743155657
100027677120282,1009276139821484,1009273746488390
100023443142545,1009277423154689,1009273746488390
100027677120282,1009300736485691,1009273746488390
100025213252420,1009274776488287,1009274089821689
100019016265445,1009275813154850,1009274089821689
100019016265445,1009275943154837,1009274089821689
100025213252420,1009276136488151,1009274089821689
100021841205152,1009275296488235,1009274769821621
100006748090799,1009276696488095,1009275876488177
100035428687187,1009290136486751,1009283383154093
100005516024120,1009233599825738,1009229903159441
100001919924181,1009240446491720,1009229903159441
100012222603700,1009248723157559,1009230406492724
100003720701869,1009247799824318,1009231439825954
100013051051247,1009242023158229,1009232136492551
100005788960244,1009242466491518,1009232136492551
100011064978971,1009233559825742,1009232589825839
100060508780824,1009233906492374,1009232589825839
100011064978971,1009234193159012,1009232589825839
100060508780824,1009234986492266,1009232589825839
100011064978971,1009236506492114,1009232589825839
100060508780824,1009239516491813,1009232589825839
100011064978971,1009239716491793,1009232589825839
100060508780824,1009241763158255,1009232589825839
100007143457046,1009253283157103,1009235249825573
100007890398833,1009292186486546,1009235249825573
100007143457046,1009345989814499,1009235249825573
100007890398833,1009348919814206,1009235249825573
100007143457046,1009402056475559,1009235249825573
100007890398833,1009403586475406,1009235249825573
100010627392076,1009235823158849,1009235586492206
100003804619262,1009336549815443,1009237856491979
100040607202300,1009239483158483,1009238923158539
100005818811318,1009251753157256,1009239123158519
100002122561806,1009322583150173,1009241243158307
100024536076704,1009246669824431,1009244659824632
100005117859098,1009279716487793,1009245233157908
100000220063812,1009313416484423,1009245233157908
100009185736639,1009330723149359,1009245469824551
100008101216863,1009331126482652,1009245469824551
100067732308237,1009221696493595,1009221429826955
100068341880610,1009221963160235,1009221486493616
100003899800846,1009224516493313,1009222196493545
100007825996997,1009279833154448,1009222313160200
100014296320075,1009224023160029,1009222659826832
100009599503855,1009265926489172,1009222956493469
100005508527046,1009224119826686,1009223166493448
100011380428609,1009318309817267,1009223309826767
100048352822627,1009227229826375,1009224479826650
100050167312916,1009253773157054,1009225103159921
100009635024191,1009227846492980,1009225526493212
100035449062643,1009231829825915,1009225526493212
100009635024191,1009232096492555,1009225526493212
100035449062643,1009232379825860,1009225526493212
100009635024191,1009235403158891,1009225526493212
100035449062643,1009236976492067,1009225526493212
100035449062643,1009237373158694,1009225526493212
100006820419392,1009240053158426,1009225526493212
100009026603401,1009231759825922,1009225736493191
100004719280429,1009288399820258,1009229606492804
100007473527901,648743922541376,648739892541779
100004345699032,648819145867187,648818735867228
100003703273308,649030375846064,649028325846269
100001875262784,649892839093151,649827242433044
100007205700021,649899309092504,649827242433044
100005997373816,651261055622996,650813312334437
100019854616642,648410765908025,648409559241479
100010052798457,648411555907946,648409559241479
100019854616642,648411655907936,648409559241479
100010052798457,648428132572955,648409559241479
100010958116656,648442475904854,648420679240367
100003853530660,648442615904840,648420679240367
100007864861685,648436619238773,648431152572653
100006458128443,648443255904776,648431152572653
100007864861685,648445079237927,648431152572653
100006458128443,648445245904577,648431152572653
100007864861685,648445482571220,648431152572653
100040562731463,648462905902811,648435152572253
100004888592943,648522809230154,648522679230167
100005547462044,648533529229082,648522679230167
100002523334012,648599819222453,648598702555898
100001015890448,648394719242963,648394242576344
100001834699287,648395529242882,648394242576344
100009215072180,648449159237519,648399332575835
100008317925044,648443552571413,648400189242416
100012874563839,1135327237216373,1135323957216701
100011030343170,1135328513882912,1135323957216701
100012874563839,1135331493882614,1135323957216701
100011030343170,1135340883881675,1135323957216701
100019985944673,1135329620549468,1135327460549684
100025668284309,1135329777216119,1135327460549684
100019985944673,1135330943882669,1135327460549684
100025668284309,1135331277215969,1135327460549684
100030661572260,1135332303882533,1135331013882662
100030661572260,1135332470549183,1135331013882662
100041659784718,1135374637211633,1135374163878347
100007227822651,1135402067208890,1135399600542470
100009081327832,1135404127208684,1135403953875368
100004911463069,1135404257208671,1135403953875368
100009081327832,1135404440541986,1135403953875368
100068507055090,1138044616944635,1135453480537082
100068507055090,1138044660277964,1135453480537082
100009438625229,1135804047168692,1135778020504628
100023147468080,1136390633776700,1136390123776751
100022390863403,1137795960302834,1137631830319247
100055152740791,1137668523648911,1137668326982264
100010425348777,1137716750310755,1137675343648229
100009240676285,1137717166977380,1137675343648229
100026144466781,1137784930303937,1137771856971911
100011191111506,1137804433635320,1137804193635344
100025685956871,1137835973632166,1137819416967155
100003321648267,1137853453630418,1137819416967155
100005680622314,1137901413625622,1137854370296993
100006164460245,1137902013625562,1137854370296993
100007071528189,1137892743626489,1137891860293244
100011756469861,1137957800286650,1137956650286765
100015333722003,1138278293587934,1138205896928507
100015383862226,1138282016920895,1138205896928507
100066533930779,1138285746920522,1138205896928507
100066533930779,1138285980253832,1138205896928507
100008037723943,1138305000251930,1138205896928507
100006856785892,1138475130234917,1138470436902053
100015483720951,1138557020226728,1138556100226820
100036744675387,1138557650226665,1138556100226820
100036744675387,1138557840226646,1138556100226820
100010132382230,1138668966882200,1138644780217952
100013723989071,1137515530330877,1137351357013961
100009893927145,1137378553677908,1137378313677932
100022849230388,1137406630341767,1137380110344419
100004828174564,1137407233675040,1137380110344419
100022849230388,1137407963674967,1137380110344419
100007494075289,1137387393677024,1137383390344091
100040101702572,1137387550343675,1137383390344091
100007494075289,1137387753676988,1137383390344091
100040101702572,1137389430343487,1137383390344091
100007494075289,1137392973676466,1137383390344091
100040101702572,1137393160343114,1137383390344091
100007494075289,1137394197009677,1137383390344091
100014822954110,1137530586996038,1137388853676878
100020044831050,1137573853658378,1137569903658773
100007692670160,1137580486991048,1137569903658773
100002596826053,1137631956985901,1137573976991699
100006865146219,1137846753631088,1137840746965022
100010165484946,1137853560297074,1137849386964158
100004470640120,1137864963629267,1137849386964158
100060849614816,1137855803630183,1137855493630214
100004044213619,1138030196946077,1137860943629669
100055882402183,1137969816952115,1137900170292413
100009486834210,1137976850284745,1137900170292413
100055882402183,1137977846951312,1137900170292413
100009486834210,1137978366951260,1137900170292413
100009004245309,1137925093623254,1137921286956968
100003892094157,1137934096955687,1137933640289066
100011665352143,1137934396955657,1137933640289066
100003892094157,1137934633622300,1137933640289066
100004361466634,1137961153619648,1137954766953620
100015598656081,1138504953565268,1138362496912847
100036351276695,1138663146882782,1138362496912847
100018612521139,1138425680239862,1137832223632541
100017144644673,1138427873572976,1137832223632541
100022547433316,1098365260912571,1098364990912598
100017612045687,1098365457579218,1098364990912598
100022547433316,1098365677579196,1098364990912598
100017612045687,1098365940912503,1098364990912598
100027598043017,1098394067576357,1098390857576678
100004771697305,1098395024242928,1098394730909624
100006136714525,1098395567576207,1098394730909624
100029072074613,1098396777576086,1098396547576109
100041880290455,1098657047550059,1098397157576048
100014831025275,1098412027574561,1098410717574692
100012329553690,1098418594240571,1098416374240793
100064701172278,1098425580906539,1098424900906607
100037727932500,1098425677573196,1098424900906607
100064701172278,1098448964237534,1098424900906607
100037727932500,1098449367570827,1098424900906607
100064701172278,1098465697569194,1098424900906607
100037727932500,1098468174235613,1098424900906607
100064701172278,1098471017568662,1098424900906607
100037727932500,1098471240901973,1098424900906607
100064701172278,1098471464235284,1098424900906607
100005494574592,1098456577570106,1098455897570174
100010094118687,1098679127547851,1098455897570174
100005494574592,1098701234212307,1098455897570174
100010094118687,1098705687545195,1098455897570174
100005988814577,1098712797544484,1098455897570174
100010094118687,1098736714208759,1098455897570174
100005494574592,1098737820875315,1098455897570174
100009344236512,1098694380879659,1098685307547233
100017076423419,1098699740879123,1098685307547233
100028717098284,1098858064196624,1098731017542662
100020827711261,1100783730670724,1100778467337917
100009299819067,1100818604000570,1100778467337917
100015598656081,1138658123549951,1138656696883427
100036351276695,1138662916882805,1138656696883427
100036351276695,1138662993549464,1138656696883427
100004826854497,1098305974251833,1098305490918548
100014216230039,1098306534251777,1098305767585187
100014520492581,1098307740918323,1098305767585187
100014216230039,1098315450917552,1098305767585187
100063862960562,1098312804251150,1098309440918153
100063862960562,1098312977584466,1098309440918153
100050509053629,1098313557584408,1098309440918153
100037064712322,1098326674249763,1098309440918153
100004081936699,1098897127526051,1098310517584712
100022105452081,1098947307521033,1098310517584712
100002929470172,1098320330917064,1098316117584152
100014281841938,1098318280917269,1098317780917319
100003903554858,1098318687583895,1098317780917319
100011626155023,1098323030916794,1098317780917319
100009137569749,1098324240916673,1098322987583465
100023279474567,1098327254249705,1098322987583465
1405576970,1098332837582480,1098323620916735
100004496880158,1098326624249768,1098326077583156
100004774279094,1098327984249632,1098326077583156
100004496880158,1098328360916261,1098326077583156
100002603657015,1098357000913397,1098356820913415
100008972594156,1098381407577623,1098356820913415
100015476671735,1121873098561787,1121707265245037
100007807931803,1121947701887660,1121707265245037
100027239200524,1138549446894152,1138120236937073
100012374989278,1138630583552705,1138630466886050
100058074534502,1119551908793906,1119543105461453
1436204851,1119618418787255,1119609125454851
100007904832144,1119767645438999,1119667845448979
100011071442306,1119686812113749,1119678535447910
100017180076013,1119789608770136,1119694185446345
100052199351216,1119774258771671,1119763258772771
100011284445734,1119774552104975,1119763258772771
100003784267923,1122120375203726,1122110908538006
100030106373656,1122138568535240,1122110908538006
100004046817945,1089852081763889,1089569491792148
100014697314208,1090122061736891,1089569491792148
100006671015605,1089584731790624,1089583071790790
100006538667221,1089605258455238,1089590978456666
100000301561034,1089607405121690,1089590978456666
100005917080515,1089616098454154,1089614958454268
100000171471526,1089890475093383,1089888161760281
100000061017307,1090055911743506,1090054555076975
100004156934829,1090122141736883,1090067581742339
100048834370483,1090196678396096,1090175688398195
100023987718045,1090465045035926,1090175688398195
100004046817945,1090316145050816,1090315951717502
100009460817676,1090921761656921,1090664261682671
100007160986325,1090929634989467,1090664261682671
100005835936519,1098885760860521,1098862520862845
100009173620789,1098894174193013,1098862520862845
100018400036631,1088744448541319,1088740288541735
100010518997044,1088782955204135,1088779595204471
100015179523805,1088783478537416,1088779595204471
100023881791361,1088811818534582,1088779941871103
100008691844193,1088833138532450,1088779941871103
100005820881407,1088788111870286,1088781635204267
100006320763682,1088855081863589,1088844198531344
100009656881355,1088847928530971,1088844328531331
100001640015134,1088950455187385,1088867135195717
100043140427474,1089342861814811,1088867135195717
100055288323455,1088915831857514,1088913451857752
100033923112662,1088919018523862,1088913451857752
100055288323455,1088922398523524,1088913451857752
100033923112662,1088923568523407,1088913451857752
100005959538752,1088938435188587,1088937238522040
100041987492385,1088939995188431,1088937238522040
100005959538752,1088942055188225,1088937238522040
100007698391181,1089502055132225,1089487838466980
100006814233681,1088655778550186,1088594501889647
100009261533686,1088645871884510,1088614068554357
100021782136665,1088689868546777,1088619285220502
100035609504625,1088652451883852,1088636881885409
100006451534805,1088652531883844,1088636881885409
100004939962009,1088668085215622,1088656541883443
100004315338022,1088668301882267,1088656541883443
100004784235057,1088711135211317,1088676118548152
100016009052329,1088719938543770,1088678518547912
100007329902105,1088721541876943,1088691908546573
100010197192745,1088734791875618,1088695201879577
100025187464840,1088951585187272,1088695201879577
100009755658330,1088705755211855,1088704755211955
100014699591898,1088732915209139,1088706188545145
100004748461060,1088710251878072,1088710121878085
100005729103038,1088710321878065,1088710121878085
100004748461060,1088714421877655,1088710121878085
100007545010165,1088713458544418,1088710698544694
100004077892115,1088786621870435,1088710698544694
100007545010165,1088787845203646,1088710698544694
100004077892115,1088789781870119,1088710698544694
100007545010165,1088793535203077,1088710698544694
100004077892115,1088796895202741,1088710698544694
100007545010165,1088815475200883,1088710698544694
100004077892115,1088816038534160,1088710698544694
100007545010165,1088819741867123,1088710698544694
100004605678961,1088788255203605,1088715695210861
100041021260077,1088742595208171,1088723685210062
100007957832571,1088328648582899,1088325018583262
100006102939255,1088331198582644,1088325018583262
100007957832571,1088331568582607,1088325018583262
100001385837975,1088340548581709,1088332211915876
100000061176403,1088352418580522,1088333901915707
100008154785943,1088765418539222,1088333901915707
100011652817316,1088335428582221,1088335255248905
100000290637550,1088695228546241,1088335365248894
100030740296341,1088338765248554,1088337855248645
100006591372984,1088342315248199,1088341855248245
100003958566253,1088361321912965,1088342255248205
100055523021489,1088583428557421,1088347731914324
100004929224993,1088612105221220,1088366781912419
100045146193997,1088646998551064,1088391698576594
100004791277231,1088394808576283,1088394445242986
100008266051367,1088395021909595,1088394445242986
100004791277231,1088395768576187,1088394445242986
100004885472119,1088297145252716,1088296655252765
100035850049006,1088302645252166,1088297001919397
100041999538925,1088355388580225,1088297001919397
100035850049006,1088374591911638,1088297001919397
100001830457993,1088375248578239,1088297001919397
100035850049006,1088382438577520,1088297001919397
100041999538925,1088384755243955,1088297001919397
100025521602856,1088304431918654,1088300998585664
100005925637458,1088304668585297,1088300998585664
100001830457993,1088303645252066,1088301088585655
100038395869845,1088305721918525,1088301485252282
100040463302538,1088309681918129,1088301485252282
100008032920734,1088347565247674,1088301485252282
100040463302538,1088357471913350,1088301485252282
100008032920734,1088368471912250,1088301485252282
100006740081239,1088322468583517,1088304955251935
100003907016930,1088325868583177,1088304955251935
100006740081239,1088326445249786,1088304955251935
100003907016930,1088330585249372,1088304955251935
100006740081239,1088335338582230,1088304955251935
100041084803894,1088317871917310,1088309185251512
100007560345366,1088319348583829,1088313241917773
100057044021510,1088343905248040,1088314105251020
100008994220691,1088344758581288,1088314105251020
100057044021510,1088346875247743,1088314105251020
100027788926360,1088316055250825,1088314591917638
100052836653340,1088321195250311,1088314591917638
100040016719933,1088323548583409,1088321985250232
100004446433759,1088288758586888,1088288438586920
100037006560993,1088289141920183,1088288438586920
100004446433759,1088294411919656,1088288438586920
100006899263493,1088294711919626,1088288661920231
100003101853542,1088290208586743,1088289238586840
100007471537810,1088290258586738,1088289885253442
100007067562699,1088293818586382,1088289885253442
100007471537810,1088296338586130,1088289885253442
100009690197091,1088300555252375,1088294185253012
100007614343293,1088301275252303,1088294185253012
100009690197091,1088301901918907,1088294185253012
100007614343293,1088302408585523,1088294185253012
100004620488126,1088282315254199,1088276598588104
100022904661145,1088284135254017,1088276598588104
100004620488126,1088285408587223,1088276598588104
100011230053116,1088279485254482,1088278408587923
100013878931449,1088285228587241,1088282095254221
100010865865355,1088287908586973,1088282095254221
100026394801895,1088284161920681,1088284031920694
100026504472531,1088284215254009,1088284031920694
100004036381541,1088323698583394,1088285701920527
100003503702287,1088283631920734,1088273858588378
100011728866875,1088279591921138,1088273921921705
100012986056181,1088275858588178,1088274465254984
100013913432746,1088288968586867,1088275158588248
100005864383550,1088276868588077,1088276255254805
100003156726315,1088277131921384,1088276255254805
100005864383550,1088277365254694,1088276255254805
100003156726315,1088277595254671,1088276255254805
100005864383550,1088277848587979,1088276255254805
100003156726315,1088278095254621,1088276255254805
100004877112032,1136352940447136,1136337237115373
100003664522326,1136353247113772,1136337237115373
100005385330267,1136362157112881,1136347227114374
100041283647555,1136362950446135,1136347227114374
100017980352634,1136380590444371,1136380003777763
100069298450679,1136581623757601,1136573177091779
100005502006620,1136598687089228,1136590960423334
100049300265587,1136780477071049,1136779353737828
100009577955140,1136780617071035,1136779353737828
100004549901967,1137025790379851,1137023870380043
100001571860219,1137027487046348,1137023870380043
100004549901967,1137039827045114,1137023870380043
100000219162810,1137437830338647,1137436273672136
100008287863846,1137844250298005,1137820253633738
100007973320068,1137849240297506,1137822040300226
100054037871714,1137951730287257,1137882053627558
100011448994648,1136000587149038,1135994933816270
100020168610758,1136002063815557,1135994933816270
100000932144097,1135998730482557,1135998333815930
1825843107,1135998843815879,1135998333815930
100000932144097,1135999967149100,1135998333815930
1825843107,1136000803815683,1135998333815930
100001214455420,1136016747147422,1135998333815930
100062440371111,1136022130480217,1136001000482330
100005001364985,1136023990480031,1136001000482330
100015027012491,1136122800470150,1136029987146098
100000441720474,1136038140478616,1136030563812707
100004308763301,1136032777145819,1136030847146012
100001320453833,1136034100479020,1136032390479191
100015533558659,1136049620477468,1136049317144165
100012848358959,1136068623808901,1136068327142264
100041143381176,1136068917142205,1136068327142264
100004070142578,1136327190449711,1136146887134408
100003664725617,1136328623782901,1136146887134408
100004070142578,1136329070449523,1136146887134408
100000242795418,1136213843794379,1136205433795220
100004074937415,1136290740453356,1136218823793881
100003109777034,1136345997114497,1136218823793881
100027854221482,1136285440453886,1136232890459141
829844460,1136302507118846,1136290323786731
100055046731396,1136410253774738,1136290323786731
100046717846730,1136410777108019,1136290323786731
100018324175959,1102279877187776,1102278443854586
100004774480207,1102507043831726,1102461300502967
100005052572522,1102574017158362,1102461300502967
100004774480207,1102625727153191,1102461300502967
100009714827088,1102524253830005,1102468050502292
100013104483517,1102533280495769,1102468050502292
100003846316776,1102566827159081,1102468050502292
100004516148712,1102612903821140,1102609153821515
100009760113343,1102613463821084,1102609153821515
100014323217373,1102633960485701,1102631383819292
100032106961991,1102650073817423,1102631383819292
100041414563738,1102711183811312,1102707693811661
100050796015593,1103246183757812,1103233830425714
100010669591586,1103246640424433,1103233830425714
100050796015593,1103246757091088,1103233830425714
100004386513576,1103461597069604,1103460890403008
100007978831104,1103461830402914,1103460890403008
100004386513576,1103461967069567,1103460890403008
100005617530366,1104101313672299,1103966963685734
100029026481016,1110991879649909,1110990676316696
100005643155058,1110992506316513,1110990676316696
100029026481016,1110993209649776,1110990676316696
100005643155058,1110994776316286,1110990676316696
100005278057316,1102117987203965,1102033507212413
100003994522220,1102066947209069,1102058143876616
100004941220902,1102073437208420,1102058143876616
100003994522220,1102089870540110,1102058143876616
100004941220902,1102094007206363,1102058143876616
100003994522220,1102094470539650,1102058143876616
100004941220902,1102095150539582,1102058143876616
100003994522220,1102095793872851,1102058143876616
100004941220902,1102113820537715,1102058143876616
100003994522220,1102114400537657,1102058143876616
100004941220902,1102126293869801,1102058143876616
100001065620394,1102072877208476,1102072287208535
100001752964199,1102119017203862,1102086153873815
100003160784624,1102119217203842,1102086153873815
100000273596409,1102106517205112,1102086257207138
100000491267287,1102111183871312,1102086257207138
100000273596409,1102115223870908,1102086257207138
100004406882854,1102104043872026,1102090817206682
100004633898421,1102134653868965,1102125397203224
100008414827121,1102135027202261,1102125397203224
100004633898421,1102135307202233,1102125397203224
100008414827121,1102135910535506,1102125397203224
100003826723480,1102248470524250,1102161260532971
100010662063581,1102250200524077,1102161260532971
100016961295096,1102184307197333,1102172157198548
100005564145376,1102196530529444,1102172157198548
100027222663395,1102219273860503,1102181203864310
100001503855486,1102209800528117,1102184163864014
100009427877883,1102261370522960,1102222073860223
100006468890729,1101899407225823,1101890567226707
100007310206673,1101905330558564,1101890567226707
100010586583719,1101917117224052,1101903227225441
100003742332035,1101947803887650,1101914773890953
100006548170051,1101988027216961,1101914773890953
100003285925624,1101937207222043,1101914837224280
100004852412729,1101939940555103,1101914837224280
100028664281066,1102024237213340,1101915700557527
100002696818133,1102031287212635,1101915700557527
100021926941327,1101925883889842,1101920570557040
100013414387655,1101928677222896,1101920570557040
100021926941327,1101928733889557,1101920570557040
100000341004599,1101921917223572,1101921107223653
100009766278021,1101972600551837,1101950480554049
100071652136854,1101972757218488,1101950480554049
100006574657961,1101955007220263,1101954677220296
100009959977228,1101974363884994,1101954720553625
100005289516712,1101967017219062,1101966730552424
100009161449176,1101967067219057,1101966730552424
100001760156008,1101992463883184,1101992117216552
100003238903981,1101996830549414,1101992117216552
100005758923371,1102010410548056,1102009507214813
100004472285169,1102014410547656,1102009507214813
100005758923371,1102094333872997,1102009507214813
100003727483012,1102031990545898,1102016407214123
100062007943656,1102179587197805,1102031647212599
100005052761709,1102203287195435,1102031647212599
100003862032627,1102039747211789,1102033310545766
100051685302528,1102039863878444,1102033310545766
100002895986279,1101653160583781,1101651027250661
100052714540135,1101849347230829,1101651027250661
100053827922473,1101654640583633,1101652780583819
100054588398064,1101657787249985,1101653240583773
100015707114009,1101659600583137,1101653240583773
100054588398064,1101662363916194,1101653240583773
100011708659111,1101654400583657,1101654160583681
100004537537093,1101663247249439,1101655950583502
100004537537093,1101663283916102,1101655950583502
100007163829866,1101679740581123,1101655950583502
100058981187396,1101850360564061,1101655950583502
100006536615529,1101661210582976,1101656520583445
100005285112376,1101661420582955,1101656520583445
100006536615529,1101664353915995,1101656520583445
100005285112376,1101665757249188,1101656520583445
100006536615529,1101675603914870,1101656520583445
100004965063994,1101868890562208,1101665270582570
100038796822890,1101870277228736,1101665270582570
100004965063994,1101871357228628,1101665270582570
100005505721450,1101687613913669,1101687443913686
100005036552605,1101687683913662,1101687443913686
100005505721450,1101687780580319,1101687443913686
100005494878915,1101690097246754,1101689587246805
100003533333848,1101794127236351,1101703020578795
100002964732140,1101860700563027,1101824610566636
100009811145811,1101837363898694,1101837147232049
100007901139744,1101846617231102,1101837147232049
100009811145811,1101847917230972,1101837147232049
100009052655603,1101842830564814,1101842480564849
100002700998568,1101853787230385,1101853307230433
100003126365181,1101854417230322,1101853307230433
100009897515868,1101879727227791,1101877177228046
100009897515868,1101879993894431,1101877177228046
100006193832133,1101614040587693,1101596390589458
100022364760093,1101601187255645,1101600570589040
100072204079365,1101601507255613,1101600570589040
100022364760093,1101601710588926,1101600570589040
100059937676164,1101602403922190,1101600710589026
100026520798522,1101603653922065,1101603380588759
100005979394162,1101663493916081,1101609093921521
100004997955478,1101668743915556,1101613227254441
100060106843864,1101614767254287,1101614403920990
100038682368626,1101617130587384,1101614403920990
100058074534502,1101619617253802,1101615427254221
100004411322403,1101622543920176,1101622227253541
100013900982778,1101809047234859,1101622227253541
100027196296061,1101624730586624,1101624243920006
100041731178373,1101839340565163,1101627440586353
100008915920658,1101628487252915,1101628047252959
100003223423588,1101628793919551,1101628047252959
100008915920658,1101629517252812,1101628047252959
100004137240461,1101635510585546,1101629353919495
100032580181215,1101631570585940,1101630680586029
100039602992494,1101631667252597,1101630680586029
100032580181215,1101632310585866,1101630680586029
100004169828769,1101639867251777,1101631200585977
100026213406700,1101656567250107,1101631200585977
100025486171639,1101640827251681,1101634067252357
100003234924984,1101572750591822,1101570610592036
100010805229310,1101597620589335,1101590180590079
100009708211772,1101595140589583,1101594740589623
100003888261858,1101595727256191,1101594740589623
100009708211772,1101595863922844,1101594740589623
100065291080356,1137137460368684,1135263413889422
100003783067280,1135265013889262,1135264293889334
100010742588690,1135466620535768,1135281720554258
100001532077289,1135286550553775,1135286293887134
100002941092147,1135286787220418,1135286293887134
100001532077289,1135287157220381,1135286293887134
100003999456068,1135321527216944,1135305847218512
100000750915313,1135321957216901,1135305847218512
100003999456068,1135326817216415,1135305847218512
100012002615156,1135419860540444,1135339903881773
100071228417933,1135445203871243,1135444893871274
100065291080356,1137137377035359,1135664317182665
100010425348777,1135727377176359,1135703507178746
100009240676285,1135730833842680,1135703507178746
100010425348777,1135734630508967,1135703507178746
100076350322301,1137135743702189,1137133163702447
100065291080356,1137127007036396,1135199967229100
100055958449892,1137208663694897,1135199967229100
100009526057998,1135201053895658,1135200700562360
100004253139715,1135214897227607,1135202900562140
100007931944455,1135310130551417,1135226823893081
100005858292370,1135237803891983,1135237520558678
100010004507507,1135238133891950,1135237520558678
100005858292370,1135238367225260,1135237520558678
100010004507507,1135241647224932,1135237520558678
100005858292370,1135241750558255,1135237520558678
100008287521811,1135253533890410,1135239660558464
100022751201965,1135267693888994,1135239660558464
100008287521811,1135270207222076,1135239660558464
100043395011374,1138199360262494,1138169633598800
100025954657952,1137128467036250,1137128330369597
100004863277267,1137297490352681,1137174760364954
100050698325133,1137317733683990,1137174760364954
100004863277267,1137319040350526,1137174760364954
100049252699875,1137181303697633,1137175633698200
1222113619,1137205250361905,1137192270363203
100001382681405,1137275217021575,1137192270363203
100024647286691,1137213430361087,1137212343694529
100015595620610,1137259297023167,1137244670357963
100013672471530,1137250447024052,1137249443690819
100006652899018,1137250807024016,1137249443690819
100007796863571,1137276183688145,1137275813688182
100007164332376,1137276937021403,1137275813688182
100007796863571,1137278107021286,1137275813688182
100007164332376,1137279817021115,1137275813688182
100007796863571,1137280120354418,1137275813688182
100007164332376,1137281090354321,1137275813688182
100013473638757,1137291747019922,1137278010354629
100001133188389,1137292220353208,1137278010354629
100007307926078,1137367020345728,1137278010354629
100001133188389,1137368133678950,1137278010354629
100013582998465,1137294693686294,1137294240353006
100013215522506,1137606330321797,1137601006988996
100021999964628,1137606486988448,1137601006988996
100013215522506,1137606560321774,1137601006988996
100021999964628,1137606846988412,1137601006988996
100007677468700,1138185753597188,1138006116948485
100012117437789,1138285346920562,1138282370254193
100022159936492,1138285600253870,1138282370254193
100013816158405,1138296826919414,1138295773586186
100077744733028,1137027247046372,1137012340381196
100004429114974,1137033277045769,1137013400381090
100014560272808,1137016167047480,1137015957047501
100001237203550,1137019953713768,1137017800380650
100003626136067,1137028220379608,1137019400380490
100000757158767,1137028633712900,1137019400380490
100004316971118,1137046373711126,1137037423712021
100004870981933,1137114333704330,1137037423712021
100004316971118,1137152137033883,1137037423712021
100004870981933,1137281430354287,1137037423712021
100035422344280,1137122580370172,1137039010378529
100006781957949,1137139690368461,1137046347044462
100014416397705,1137144430367987,1137046347044462
100027621570931,1137127570369673,1137054330376997
100008514287102,1137131537035943,1137054330376997
100013906455085,1137071043708659,1137070770375353
100008232669613,1137075913708172,1137070770375353
100013906455085,1137078793707884,1137070770375353
100022321043604,1137084430373987,1137070770375353
100008232669613,1137087440373686,1137070770375353
100013906455085,1137105633705200,1137070770375353
100022321043604,1137111543704609,1137070770375353
100008232669613,1137117563704007,1137070770375353
100022321043604,1137118167037280,1137070770375353
100008326006464,1137317483684015,1137070770375353
100008232669613,1137322320350198,1137070770375353
100008326006464,1137324357016661,1137070770375353
100031655182704,1137095970372833,1137095260372904
